,AREACD,AREANM,Adam,Albert,Albie,Alex,Alexander,Alfie,Archie,Arlo,Arthur,Benjamin,Blake,Bobby,Caleb,Carter,Charles,Charlie,Daniel,David,Dexter,Dominic,Dylan,Edward,Elijah,Elliot,Elliott,Ellis,Ethan,Ezra,Felix,Finley,Finn,Frankie,Freddie,Frederick,Gabriel,George,Grayson,Harley,Harrison,Harry,Harvey,Henry,Hugo,Hunter,Isaac,Jack,Jackson,Jacob,Jake,James,Jasper,Jaxon,Jayden,Jenson,Jesse,Joseph,Joshua,Jude,Kai,Leo,Leon,Liam,Logan,Louie,Louis,Luca,Lucas,Luke,Mason,Matthew,Max,Michael,Mohammad,Mohammed,Muhammad,Noah,Oliver,Ollie,Oscar,Ralph,Reggie,Reuben,Riley,Roman,Ronnie,Rory,Rowan,Ryan,Samuel,Sebastian,Sonny,Stanley,Teddy,Theo,Theodore,Thomas,Tobias,Toby,Tommy,William,Zachary,Total
0,E06000001,Hartlepool,,,,3,4,9,5,3,4,,3,6,,,,10,3,,,,,,,5,4,,4,,,,3,,7,,,11,,3,3,11,,6,3,6,9,12,,15,,5,,,,3,,7,5,,,5,,,5,,,,5,,8,4,3,,,,,10,10,,,,4,,,3,,6,,,,,,,,12,5,8,,,5,3,,531.0
1,E06000002,Middlesbrough,,3,5,3,,10,12,6,6,,,5,3,4,,14,5,7,4,,3,,,,3,,4,3,,4,,5,7,,,9,5,6,7,14,,9,7,4,16,9,,8,3,5,,5,4,7,,9,4,4,3,8,,,10,7,4,7,7,,4,,,3,,6,10,7,15,3,7,,4,5,,3,3,4,,4,4,10,3,,7,8,,11,,4,6,6,6,928.0
2,E06000003,Redcar and Cleveland,,,6,,4,10,13,4,3,,3,,7,3,,13,3,,,,,4,5,3,,5,5,,,6,,7,12,,,13,,5,3,13,6,11,,6,5,7,,12,,5,,6,,4,5,9,5,3,,3,,4,4,7,3,3,3,,3,,6,,,,,10,11,3,5,3,7,5,,3,,5,,,,3,3,,9,11,,10,,5,6,10,3,682.0
3,E06000004,Stockton-on-Tees,4,3,7,,3,22,12,4,14,3,4,3,5,3,,10,3,,,3,5,6,5,,,8,7,4,,6,3,10,16,,,25,3,,,17,3,14,5,9,12,21,3,18,,9,,4,3,3,7,9,8,5,,9,,,12,10,4,5,11,,5,,4,,,,6,18,26,3,15,,4,8,4,4,6,3,3,,4,8,,,9,14,5,14,3,4,6,17,4,1060.0
4,E06000005,Darlington,3,3,,,6,7,12,,10,3,3,,4,,,4,5,,,,,3,4,,,,5,,,5,,3,4,,,13,,,3,18,,5,6,,9,9,9,15,,10,,5,,,,5,,5,,4,,,5,,,,4,,,5,,,,,,13,11,,11,,3,3,,3,,,,,,,,,,5,5,9,,,,6,,573.0
5,E06000006,Halton,4,3,7,,7,10,11,,8,8,4,7,3,6,,8,,,,,4,3,10,3,,,4,5,,4,4,4,9,,,16,,,3,12,3,5,,,9,13,,14,6,13,,5,,,,10,6,5,4,10,,3,5,9,3,6,8,,8,,5,4,,,,15,18,,13,,5,7,,4,4,4,3,,,7,,,8,14,,13,,3,4,11,,753.0
6,E06000007,Warrington,8,3,4,3,8,19,14,5,16,7,,7,4,6,,9,8,5,4,,6,9,7,6,,3,9,6,,3,,3,13,,3,38,4,,5,25,3,18,6,8,17,21,4,12,,11,,8,,,3,9,10,8,,12,,6,8,3,7,6,15,9,6,,9,5,,5,,11,29,4,13,3,4,4,3,6,4,7,5,,6,8,4,,3,8,8,14,4,7,5,11,5,1141.0
7,E06000008,Blackburn with Darwen,12,,4,,4,,8,3,7,,,3,,3,,7,3,,3,,,,6,,,4,5,6,,,,,4,,,12,,4,,13,,3,,8,10,6,,7,,4,,7,,4,,5,3,,,4,,3,5,5,3,,3,,3,3,,,14,29,85,9,14,3,3,,,3,,,,3,,,6,,,5,,5,3,13,3,,4,5,4,1026.0
8,E06000009,Blackpool,5,,,,4,9,10,7,12,3,3,4,,5,,10,,3,,,,3,5,5,,,8,7,,7,,3,6,,3,10,3,,7,9,6,8,,8,5,18,,9,,7,,4,4,5,,,8,3,4,13,,3,10,5,3,4,10,,5,4,3,4,,,,11,15,,9,,5,7,11,8,4,,,3,7,4,,3,4,19,4,9,3,,4,9,,830.0
9,E06000010,"Kingston upon Hull, City of",4,7,7,6,11,19,19,9,17,,9,4,5,7,,14,9,8,6,3,5,3,7,5,,5,9,5,,12,,9,22,4,4,34,5,10,11,24,6,7,5,19,25,17,,16,9,4,3,9,7,8,5,7,3,10,3,27,,,22,7,,,17,4,4,,10,,,,5,20,47,7,16,,8,10,11,7,8,7,,3,7,6,8,9,14,11,5,12,,11,13,17,4,1698.0
10,E06000011,East Riding of Yorkshire,3,3,7,,13,30,16,7,25,4,4,14,,5,7,28,6,,3,,11,12,6,4,,6,9,,,14,,8,14,7,,36,,,14,28,5,20,8,8,15,27,6,25,3,17,9,10,4,3,5,8,9,8,3,16,3,,11,6,8,6,14,4,7,,12,6,,,,16,30,4,13,,6,13,4,7,6,12,6,,13,9,5,10,13,12,8,24,3,6,12,25,5,1457.0
11,E06000012,North East Lincolnshire,4,3,4,,,15,10,3,18,,6,13,,,,12,,,,3,,5,,3,4,4,8,3,,6,,7,12,,,18,4,6,4,17,3,16,6,4,6,8,,13,5,5,,4,3,,,5,5,5,,10,,,6,7,,,5,,6,,,,,,,15,15,,11,,3,9,8,8,8,3,3,,3,3,,,8,14,3,5,3,,6,9,,885.0
12,E06000013,North Lincolnshire,,4,4,5,9,14,8,5,7,,3,,4,,,17,,,6,,,8,3,3,,,5,5,,5,,,11,3,,17,,,6,12,,9,,4,7,12,,9,5,10,,4,,4,,5,4,,,4,,3,6,4,,6,11,,10,,6,,3,,3,13,20,4,11,,4,4,4,4,3,3,5,,,4,,3,5,12,4,10,,4,3,7,4,830.0
13,E06000014,York,,7,7,3,5,9,13,5,25,7,4,4,4,,,12,5,,,3,6,3,3,3,4,,5,6,4,9,3,3,6,4,5,18,,,,14,3,15,6,4,11,13,3,11,,15,,3,,3,,6,9,5,,13,,,4,6,6,6,7,,,3,5,3,,,,9,25,,10,3,7,5,4,,,6,,,13,7,3,3,4,10,10,15,3,7,8,16,4,946.0
14,E06000015,Derby,8,7,6,,11,15,12,13,17,5,,,4,,,21,8,8,3,,4,7,14,3,5,5,9,3,,12,3,5,10,4,5,16,3,3,12,14,,10,8,8,13,13,,21,,15,,6,7,7,3,,13,5,4,14,,,12,3,7,4,13,,7,,,6,13,18,50,19,26,,13,,3,7,7,4,3,8,4,4,4,11,,,10,12,10,13,3,3,4,12,5,1592.0
15,E06000016,Leicester,32,3,,6,7,9,3,12,7,3,,,,4,4,6,7,12,3,5,4,3,12,,,3,11,5,,5,,,9,,4,12,3,4,3,7,3,8,,11,11,11,,13,4,6,,6,6,,,3,8,6,4,20,7,4,11,5,,5,10,,4,,6,5,11,26,62,16,22,3,12,4,9,3,3,6,,4,4,4,3,8,,3,,11,5,6,,,5,,3,2438.0
16,E06000017,Rutland,,3,,,,4,3,,5,,,,,,,,,,,,,,,,,,,,,4,,,5,4,,,,,,,,,,,,3,,3,,,,,,,,,3,,,3,,,,,,,,,,,,,,,,,,,3,,,,,,,,,,,,,,,,,,,,,,,148.0
17,E06000018,Nottingham,11,4,,4,12,12,13,11,6,10,3,,,9,,12,5,10,4,5,7,6,9,,,6,8,4,,7,4,,7,3,12,14,6,9,4,9,,5,,6,15,11,4,12,8,10,3,6,5,6,3,8,8,4,5,19,4,6,17,,3,6,8,,6,3,11,4,6,18,47,13,23,5,10,7,4,,5,7,,3,,,7,5,,,,13,12,7,5,,5,8,5,1997.0
18,E06000019,"Herefordshire, County of",3,10,3,,4,11,7,6,12,7,4,3,4,,,11,4,3,5,,5,8,,,,,4,5,,6,,3,9,5,,17,5,,6,15,4,16,,7,8,16,,5,5,4,3,4,3,,3,6,7,4,3,9,,,,,,4,5,,5,,6,,,,,11,23,3,17,3,16,7,3,,4,6,4,,7,3,,,6,8,4,13,,8,3,33,,893.0
19,E06000020,Telford and Wrekin,,4,6,4,7,10,19,8,11,5,4,3,,9,3,17,4,4,,4,6,6,10,3,4,,10,5,,4,,3,17,,,12,5,5,9,16,,10,4,10,10,9,3,9,,9,4,6,3,6,,6,9,,4,9,4,,9,5,,4,4,5,7,,,3,,,5,17,17,3,15,,4,9,6,,4,9,,,6,,,,4,6,7,10,4,5,4,8,4,1061.0
20,E06000021,Stoke-on-Trent,13,3,7,3,7,16,17,8,15,4,4,8,4,7,,20,7,6,,7,6,10,9,,,,7,8,,10,,,22,4,,29,6,4,9,27,4,9,5,6,14,14,4,7,,12,6,14,6,5,,15,10,3,,19,4,,16,3,3,6,11,,9,5,9,,4,27,31,23,35,11,20,4,13,6,11,5,8,3,,5,9,8,,7,9,10,10,11,,5,14,13,5,1681.0
21,E06000022,Bath and North East Somerset,3,4,6,,11,8,7,3,20,6,,3,,,,10,5,,4,,7,8,,,,,4,6,3,8,4,,12,9,3,13,5,3,9,18,3,11,7,4,6,10,,11,3,13,5,3,,4,4,,7,,,10,,,7,5,,4,6,,,,7,,,,4,11,9,,12,5,,5,,,,3,5,,6,7,,5,4,8,7,10,5,9,,15,6,907.0
22,E06000023,"Bristol, City of",14,11,6,5,21,20,22,17,41,27,3,3,9,,8,27,13,8,3,,14,25,16,13,5,7,9,14,14,17,11,5,16,13,16,23,7,6,11,31,3,21,19,8,12,28,3,22,7,23,10,7,10,4,16,13,25,13,4,38,5,4,16,15,4,10,16,3,6,5,26,6,9,6,18,25,31,3,33,5,13,17,9,6,11,24,14,4,15,29,11,7,11,20,20,24,8,12,13,25,9,3066.0
23,E06000024,North Somerset,4,4,4,,13,15,9,8,10,7,,4,3,3,3,18,4,,4,,7,11,9,5,3,3,8,8,3,7,5,,15,10,3,18,,3,4,14,3,16,4,4,7,9,6,10,5,7,,5,,3,4,5,11,5,,15,4,3,7,,4,5,6,3,5,3,18,,,,,12,22,,17,,8,8,4,3,6,8,6,,6,10,4,4,6,17,15,16,5,9,5,18,3,1101.0
24,E06000025,South Gloucestershire,5,7,7,4,14,14,18,16,19,16,,3,,,4,30,3,5,5,3,15,17,6,3,,8,18,7,4,12,4,6,20,11,5,20,7,6,9,21,5,13,6,,10,30,6,15,8,14,7,9,3,,8,10,23,4,,14,,4,13,6,9,8,11,6,7,4,10,3,,,,20,36,3,26,3,9,14,10,5,8,8,7,,5,14,3,7,9,21,13,16,4,7,7,12,12,1613.0
25,E06000026,Plymouth,6,,5,,8,16,12,11,24,6,6,3,3,8,,12,,3,3,,,9,12,5,4,3,12,11,,14,3,5,23,6,5,18,5,9,8,31,,24,7,14,12,18,7,11,3,9,5,7,4,8,4,8,12,7,,12,,,15,7,,,,,3,3,12,3,,,,15,31,6,15,3,12,16,7,5,4,4,4,,5,9,7,,7,12,14,7,,15,16,19,7,1439.0
26,E06000027,Torbay,,,,3,,11,17,9,14,,3,,,,,10,7,,,,,4,4,3,,,4,,,7,,3,8,,,17,,,5,7,,6,4,,6,,3,,3,7,,4,3,,,,4,,3,8,,,7,,,,9,3,7,,3,,,,,7,8,,6,,7,,4,5,,4,,3,,,,,3,4,4,8,3,4,4,7,4,586.0
27,E06000030,Swindon,4,6,6,4,11,17,11,12,16,6,4,6,3,8,3,9,11,4,4,,4,5,5,3,,3,11,7,4,7,5,4,10,5,,11,5,3,11,20,,12,5,9,9,16,5,11,3,7,7,8,5,,6,6,15,4,,24,3,5,7,7,3,4,3,,4,3,4,,,,4,12,25,3,10,,6,7,8,5,3,7,,8,10,8,,4,8,14,5,3,,,4,9,6,1284.0
28,E06000031,Peterborough,12,,4,7,12,11,10,5,12,5,4,3,,,3,12,8,3,3,,7,10,7,4,4,6,7,3,4,6,,3,9,3,6,15,3,4,7,12,4,7,3,10,13,10,,10,4,,,7,6,,,7,14,,3,16,7,,11,5,6,4,8,,,,8,4,10,26,42,15,16,3,13,,4,5,,3,3,,,4,10,12,3,,3,4,7,14,,4,7,15,7,1498.0
29,E06000032,Luton,19,,,4,8,10,4,,4,,,,,3,3,5,4,9,,7,3,,6,,,,7,,,,,5,6,,3,5,4,,,5,4,,,,7,3,,7,,3,,,,,,6,12,,3,10,3,5,5,,,3,9,,4,4,3,3,16,36,102,8,12,,7,,3,3,4,,,,,5,5,3,,,,,4,8,,,,,,1637.0
30,E06000033,Southend-on-Sea,3,5,5,,7,10,5,4,11,7,5,5,,5,4,9,,,5,,6,12,6,,6,,12,,,7,,3,12,,3,16,4,8,12,14,,24,11,10,3,14,,5,6,9,3,3,,5,3,4,12,5,,14,,,12,7,,6,5,,5,,13,4,,,6,18,27,,15,3,10,4,7,3,4,7,,,7,11,,3,7,4,9,8,3,,5,14,9,1051.0
31,E06000034,Thurrock,3,9,14,6,8,17,12,,11,4,,6,,11,,6,7,14,,,,,4,,,3,6,4,,5,,,11,3,3,19,4,3,7,11,3,6,,8,8,15,3,9,4,5,,5,4,3,5,,12,3,3,12,3,4,6,4,3,4,5,,9,,7,5,,3,8,17,17,7,10,,9,3,3,4,5,,,3,5,6,,5,10,8,3,9,,5,8,7,3,1228.0
32,E06000035,Medway,10,11,5,3,8,14,18,7,23,4,6,4,4,8,,28,7,5,5,4,10,10,7,5,,5,10,,,7,,10,15,5,3,32,5,12,17,18,4,20,7,12,11,23,5,19,10,16,7,11,9,8,9,8,19,5,,14,,4,13,14,5,6,9,,9,3,9,,3,,5,28,40,4,21,4,13,5,8,4,6,3,4,5,13,9,5,6,19,13,9,17,,7,15,21,8,1739.0
33,E06000036,Bracknell Forest,,5,,,5,5,6,,6,4,,,4,,,7,,,4,,7,,4,,,,4,6,,,3,4,5,4,,9,4,4,9,8,,12,,4,5,15,3,12,3,7,,3,,3,3,6,11,,,6,,,9,4,,,5,3,3,,,,,,3,6,11,,6,,,,5,4,4,6,,,3,7,,4,6,12,,11,,7,3,6,5,708.0
34,E06000037,West Berkshire,3,3,4,,8,3,9,11,14,10,3,3,,,,10,7,5,7,,,7,,3,5,3,3,4,3,14,,,9,,,11,,3,6,14,,10,,3,6,9,,13,,3,,5,,,3,7,10,,,13,,3,8,5,,,3,3,,,4,,,,,10,15,3,9,6,3,6,,3,6,3,,,4,5,,,,10,4,11,3,5,,13,5,795.0
35,E06000038,Reading,5,3,,4,10,6,8,8,8,10,,,,3,5,18,6,8,,4,,4,4,6,,3,4,,6,,,3,16,3,,4,,,3,4,,8,4,,4,5,,11,,6,5,,3,,3,4,12,5,3,10,3,6,5,3,,6,11,,3,,4,4,4,11,26,8,14,,9,,3,6,3,4,3,,,4,9,5,,,4,6,4,14,,,4,8,4,1136.0
36,E06000039,Slough,8,3,,,7,6,4,,,,,,,,,,,13,,8,4,4,3,,,,6,3,,,,,4,,5,,,3,,6,,,,,6,,,,,5,,,7,,,,,,,10,9,,5,,,,4,,4,,,5,20,20,52,8,7,,4,,,,,,,,,8,3,3,,,,,,3,,,,3,,1254.0
37,E06000040,Windsor and Maidenhead,3,6,,,8,8,4,3,12,8,,,,,,8,6,,,,6,10,,3,3,,4,3,3,7,,,5,9,,15,,4,5,8,4,15,5,3,,8,,15,,7,,3,,,,6,9,,3,13,,4,9,,,7,,5,,,5,,,5,7,7,13,,12,,5,4,,,,3,,,9,7,,,5,9,10,6,,,,18,6,854.0
38,E06000041,Wokingham,4,4,3,,13,6,3,5,12,14,5,,,,,9,4,4,3,,6,5,4,,,4,12,,4,7,,,3,7,3,18,4,,4,11,,8,5,,3,17,3,13,,11,5,,,,,10,10,5,,12,3,,6,5,3,5,7,3,8,3,8,5,,5,6,6,17,,10,,3,,5,4,,3,,,9,7,,3,,7,13,9,3,6,,7,,900.0
39,E06000042,Milton Keynes,9,4,5,6,17,12,17,7,16,7,,8,5,5,4,13,11,7,5,5,3,14,12,4,3,3,22,5,,9,3,4,12,4,5,21,,8,9,9,4,15,5,7,11,13,,12,5,22,,6,4,5,4,5,17,4,3,18,3,5,12,6,7,5,8,4,7,5,7,,,,10,26,28,,18,4,8,5,9,8,4,5,4,6,4,11,,3,8,11,5,15,4,7,7,16,8,1780.0
40,E06000043,Brighton and Hove,7,11,10,,9,7,16,13,21,8,3,,,,5,15,4,3,7,,15,10,3,,7,,6,4,8,8,7,12,8,5,4,12,,,6,12,,11,7,6,8,14,4,7,,12,4,3,,,8,,9,6,4,18,5,,5,3,8,6,7,3,4,3,5,3,,5,,11,10,,11,,6,4,,4,6,4,5,,12,4,4,8,10,13,15,12,,4,3,5,8,1302.0
41,E06000044,Portsmouth,5,7,8,,8,5,9,7,24,6,3,,,3,,21,,6,7,4,,9,,3,,5,5,6,4,10,,6,10,,4,21,,3,3,12,5,13,5,3,7,11,4,7,,8,4,5,3,3,4,6,11,4,3,5,,,7,9,,8,4,,5,,9,5,3,,7,17,15,,10,,7,7,3,4,7,4,,,7,6,7,3,6,8,9,10,,4,5,7,7,1153.0
42,E06000045,Southampton,16,8,4,3,14,12,13,11,12,8,3,,,4,3,16,7,5,4,3,10,13,5,,,5,10,4,,6,,6,12,,4,22,3,6,7,20,3,12,3,8,8,22,,15,,3,3,,5,3,3,4,11,7,,23,4,4,14,11,4,3,8,4,14,3,6,8,4,3,5,16,26,4,17,,12,8,5,6,4,6,,3,9,8,,,,16,8,11,3,4,9,12,4,1538.0
43,E06000046,Isle of Wight,,3,3,,,10,7,6,8,,,,,,,8,,,,,6,3,,,3,3,,3,,5,,,3,,,12,,,4,9,3,8,3,3,4,9,,8,,3,3,5,,5,3,,,,,7,,,,7,,,,,,,5,,,,,9,12,,,6,6,4,5,,,,3,3,3,,,,3,4,4,8,,3,,9,6,560.0
44,E06000047,County Durham,6,5,9,9,28,22,28,9,29,14,6,11,5,15,5,46,16,,4,6,10,8,16,8,5,6,21,8,4,17,12,17,34,5,7,43,10,10,17,49,10,26,9,23,33,54,8,38,19,27,5,26,9,12,9,20,32,13,,42,8,5,21,9,5,16,29,7,12,22,15,8,,,,41,48,12,24,5,12,9,8,16,7,13,10,7,15,14,7,,6,29,13,41,,12,22,32,7,2584.0
45,E06000049,Cheshire East,4,8,11,3,21,15,24,15,27,14,,9,4,8,5,26,7,3,3,4,9,25,7,7,7,8,14,10,4,14,6,,14,12,,34,8,,11,39,,24,21,6,16,33,8,29,10,25,6,8,4,11,3,18,20,9,5,26,,4,23,,6,13,15,6,13,,13,4,,,4,21,49,3,26,8,12,13,5,8,5,14,6,,8,15,4,7,10,21,20,28,6,10,7,33,10,1851.0
46,E06000050,Cheshire West and Chester,8,14,9,,7,22,20,12,23,17,9,9,5,5,4,22,11,6,4,3,10,22,9,,7,5,17,13,,14,3,7,21,7,7,42,3,5,15,31,7,25,7,4,19,20,5,28,7,20,5,9,3,6,,25,10,6,4,17,4,3,15,8,6,5,7,6,9,3,9,7,,,,24,41,,19,4,3,10,6,3,6,10,10,5,15,14,,7,10,13,10,22,6,7,10,25,7,1706.0
47,E06000051,Shropshire,6,5,9,3,5,18,19,12,41,6,5,6,3,,5,16,5,5,6,,6,9,4,4,3,3,8,8,3,21,5,3,20,8,,38,6,,8,26,5,24,14,12,8,25,3,18,4,8,5,3,4,3,6,14,13,5,3,15,,,12,5,6,,11,4,5,,9,5,,,,15,31,4,28,,8,8,6,,4,9,6,3,8,8,3,7,11,16,8,24,3,7,9,17,7,1379.0
48,E06000052,Cornwall,4,9,9,4,12,41,33,27,38,19,12,9,7,4,6,38,7,4,13,4,15,20,10,16,8,9,12,16,5,25,6,5,23,7,4,35,6,12,24,34,11,31,15,10,28,38,11,24,10,23,5,15,6,9,9,14,18,9,6,25,,4,34,12,,9,20,5,17,4,13,7,,,,37,34,3,48,3,19,27,11,7,3,8,11,,14,24,7,16,11,36,20,24,4,14,6,30,10,2558.0
49,E06000054,Wiltshire,11,15,17,7,19,27,31,15,38,14,,12,7,4,7,38,9,7,8,3,4,24,12,11,9,9,11,9,9,18,10,11,30,14,4,50,7,12,20,50,3,48,16,12,17,39,11,23,,31,12,9,4,7,7,21,33,12,,29,,6,23,10,7,9,15,4,11,8,18,7,,,,35,50,4,36,8,10,24,7,9,8,17,9,7,10,16,4,11,19,22,18,31,5,14,10,32,9,2475.0
50,E06000055,Bedford,4,5,4,3,11,16,7,3,12,6,3,6,,5,,12,4,3,,3,4,9,3,6,,3,7,4,,5,,,10,4,6,9,,6,3,6,,9,,,10,18,,7,,5,,3,,,4,6,8,,3,15,,,4,5,,7,10,3,3,,7,3,9,12,16,10,19,,3,3,3,4,5,3,,,,,4,6,,,7,9,4,7,,7,5,9,7,1085.0
51,E06000056,Central Bedfordshire,9,9,6,3,18,20,15,12,36,12,4,6,5,,3,14,9,5,4,,10,20,9,8,3,5,15,10,4,15,,8,21,6,3,32,,5,13,35,4,26,7,4,14,33,6,20,8,14,8,9,,7,3,11,20,13,,15,,6,12,6,9,8,6,3,12,7,22,12,3,,,19,35,4,25,8,10,3,9,4,10,6,4,,6,15,6,6,17,18,8,29,,5,17,20,6,1765.0
52,E06000057,Northumberland,7,,,,16,19,16,8,19,10,6,,4,6,,17,6,4,3,,3,3,5,4,7,4,6,3,,8,3,9,16,4,4,18,6,6,11,28,3,9,5,14,16,23,4,23,8,18,,15,11,4,,10,16,10,3,16,6,5,7,3,7,4,15,4,9,14,10,3,,,,20,30,5,10,,4,6,8,3,5,8,,6,14,3,5,,6,23,5,28,,7,6,26,6,1345.0
53,E06000058,"Bournemouth, Christchurch and Poole",12,8,6,4,24,17,16,23,22,11,6,,,6,9,20,16,6,11,,14,16,4,3,3,3,14,14,5,12,,6,22,6,14,40,3,9,16,40,7,20,7,8,8,26,4,15,9,9,5,5,7,8,7,12,23,6,4,28,,,14,12,7,6,9,14,7,12,15,4,,,,28,35,,24,,5,9,11,8,,3,3,6,8,10,4,,8,16,15,14,5,11,7,22,9,1924.0
54,E06000059,Dorset,,11,15,,12,21,17,5,29,14,7,,3,3,9,16,8,5,3,,6,24,10,6,7,7,11,7,5,18,5,,11,5,5,24,7,6,14,25,9,26,9,7,4,15,,23,6,6,7,4,,6,5,8,12,4,3,22,,,8,7,6,6,12,4,12,3,13,3,,,,19,34,4,21,5,11,5,6,3,4,6,,,4,8,3,4,7,10,12,19,,11,7,17,10,1433.0
55,E07000004,Aylesbury Vale,4,5,8,,10,11,11,8,11,10,,,9,3,5,19,3,,4,,,5,9,7,,5,9,,,5,,,11,10,3,15,,3,6,13,,16,3,3,12,13,4,13,8,5,,,,,5,7,22,,,12,,,10,5,,3,9,,,3,9,3,6,12,23,9,19,,15,5,5,9,7,4,4,4,,,4,7,,,8,5,7,10,6,7,,14,4,1138.0
56,E07000005,Chiltern,4,,,,8,4,4,,4,3,,,,,,4,,3,,,,4,,5,,,,,,3,,,6,5,,5,,,,4,,4,3,,,10,3,,3,4,4,,,,,7,,,,4,,,,,3,,3,,,5,5,,3,,6,9,12,,3,3,3,,,,,,,,,5,,,,4,,10,,6,,9,,444.0
57,E07000006,South Bucks,3,,,,,3,3,,4,,,,,,,6,,,,,,,,,,,,,,,,,3,5,,5,,,,,,10,4,,,7,,3,,,,,,,,,4,,,,,,4,,,3,3,,,4,,,,,4,4,5,,5,,3,,,,,,,,3,,,,3,3,,5,,,3,6,,385.0
58,E07000007,Wycombe,11,4,,3,11,9,12,3,11,8,3,3,,,4,9,,4,,,3,9,5,3,,3,9,,,8,3,,6,3,,15,,4,,14,4,11,5,5,,13,,8,,9,,3,4,,,,7,,,18,,,4,,3,7,3,,3,,7,,,11,29,17,20,,10,,,4,4,,,4,,,4,,,,5,7,,10,,3,3,8,5,1039.0
59,E07000008,Cambridge,3,,,,11,,,,6,9,,,,,,5,4,,,,,4,,,,,,,8,,3,,,4,5,9,,,,4,,5,6,,4,5,,5,,6,,,,,,,10,,,18,3,3,,,,3,4,3,,,6,,4,,7,8,10,3,13,,,,4,,,,,,9,8,,,,4,11,9,,,,9,,730.0
60,E07000009,East Cambridgeshire,,,,,5,3,5,3,,,,,,,,3,4,,,,4,6,,5,,,6,,,5,,,6,3,5,7,,,3,7,,5,,3,4,5,,8,,3,,,,3,,3,4,3,,3,,,,,,3,,,4,,3,,,,,8,8,,6,4,,,3,,,,,,4,3,,,,,,10,,4,,4,,462.0
61,E07000010,Fenland,,4,,3,5,10,9,,9,6,,,3,,,5,4,,,3,5,4,,,,,3,,,5,,4,7,,,9,,6,4,9,3,9,,4,4,8,,13,,8,,3,,,,5,3,,,4,3,,8,,3,,3,,,,,,,,,9,12,,4,,3,,,3,,,,3,,3,,,,6,,3,,,,7,,550.0
62,E07000011,Huntingdonshire,4,5,5,5,8,6,7,,13,13,,,,,3,11,5,,,3,6,12,,5,7,,7,10,5,8,3,,8,6,,22,3,,7,21,,5,10,,14,15,4,12,3,8,,5,,,3,5,6,4,5,11,3,,10,5,4,6,6,,,4,6,3,,,,11,18,3,12,4,4,7,,5,6,3,5,,8,6,,3,3,16,6,12,,9,3,16,4,964.0
63,E07000012,South Cambridgeshire,3,5,,,13,12,10,4,11,9,,,,,10,9,11,3,,4,,23,,4,,,10,,3,6,5,,6,6,3,14,,,5,18,,10,5,,5,13,,11,6,7,3,,,3,4,6,12,,4,7,3,,3,,,3,3,7,,3,7,,,,,11,10,,16,3,3,7,4,,,3,3,,8,6,3,,7,9,4,12,,,,16,3,835.0
64,E07000026,Allerdale,,,,,5,7,3,,8,,5,3,3,4,,6,,,,,,,5,,,,,4,,,,,10,,,12,6,,,4,,,,4,5,5,,10,3,4,,4,,6,,4,,,,3,,,,,,,6,,4,3,3,,,,,6,9,,,,5,5,3,,,,3,,,,3,,4,4,4,6,,3,,5,,456.0
65,E07000027,Barrow-in-Furness,,,4,,,7,7,,6,,,3,4,,,6,,,,,,,4,,,,,,,4,,,5,,,4,,,3,8,,6,,,8,6,,4,3,,,,,,,3,,,,3,,,,3,,3,4,,3,,,,,,,5,7,,3,,,3,,3,,,,,6,,,,4,8,,,,,,4,3,383.0
66,E07000028,Carlisle,,,5,,5,12,11,,4,,4,5,,5,,3,3,,,,,,,,,3,5,,,4,4,4,5,,,9,,,,13,,3,,7,5,9,,5,3,8,,,,3,,6,3,,3,7,,,6,7,3,3,,,5,4,5,3,,,,7,13,,5,,,,,,,,,,,,,,3,6,,8,,,,7,,509.0
67,E07000029,Copeland,,,5,,,,5,4,5,,,3,3,,,4,,,,,,,4,,,,5,,,4,,,,,,5,,,,9,,,,,3,4,,5,,,,,,,,,,,,,,,,,,,3,,,,,,,,,6,7,4,,,,,,,,4,,,,,,,3,3,4,5,,,5,,,316.0
68,E07000030,Eden,,,,,,,3,,,,,,,,,,,,,,,3,,,,,,,,,,,8,,,4,,,3,,,,,,,5,,3,,6,,,,,,,,,,3,,,,,,,3,,,,,,,,,3,6,,,,,,,,,,,,4,,,,,,,3,,,3,,,194.0
69,E07000031,South Lakeland,,,,,,3,4,,7,5,3,,3,,,5,,,,,,6,,,,,,,,7,,,3,,,7,,,,11,,4,4,,5,6,,4,3,,,3,,,,4,5,,,4,3,,3,,,,3,,3,,,,,,,5,5,,6,,,4,,,,5,,,,4,,,,3,5,5,,5,,7,,364.0
70,E07000032,Amber Valley,,3,4,,5,11,10,10,9,5,,,,,,12,3,,3,,4,7,3,4,3,,4,5,,5,,3,6,3,,11,,,3,8,3,7,,3,8,13,,9,3,7,,,,,,4,7,4,,12,,,13,4,,,5,,3,,9,,,,,11,11,,8,,,,3,,3,5,,,3,3,,3,,4,6,7,4,3,5,6,5,616.0
71,E07000033,Bolsover,,,3,,3,6,7,,6,,,3,,,,8,,,,,4,4,3,,,,,4,,3,,,8,,,5,4,,,13,,,,4,,6,,4,,,,4,,,,,7,,,5,,,7,,,,,,7,,3,,,,,6,9,3,7,,4,,,,3,,,,,4,,3,,,,,,4,,,,433.0
72,E07000034,Chesterfield,,3,3,,4,11,9,8,5,,,3,,,,6,,,3,,,4,,,,,4,4,,4,4,,9,,,12,,4,3,16,6,9,,,7,5,4,8,,,,3,4,,,,,,,9,,,3,4,3,3,,3,8,,,,,,,7,19,,8,,,5,3,3,,3,,,4,,,,4,5,3,6,,7,,6,6,534.0
73,E07000035,Derbyshire Dales,,,,,5,4,,,4,,,,,,,4,3,,,,,3,,,,,,,,3,,,,,,3,,,,7,,3,,,,3,,3,,,,,,,,,6,,,,,,,,,,,,,,,,,,,,10,,5,,,,,,,3,,,,,,3,,,,3,,,,4,,234.0
74,E07000036,Erewash,,,,,3,6,8,6,10,,,,,4,,8,4,,,,3,6,4,3,,,,,3,,,3,10,,,13,,4,7,8,3,10,4,4,6,7,,9,,,,6,,3,,4,,,,11,,,5,,3,,6,,5,,4,,,,,12,11,3,11,,,,,,3,,,,,,,,,13,6,3,,,,4,6,573.0
75,E07000037,High Peak,,,4,,,7,,6,7,3,,3,,,,6,,,,,,,,6,,,3,,,4,,,,,,7,,,,6,3,8,5,3,8,7,,5,,6,,,,,4,7,7,4,,6,,,3,,,,,,4,,,,,,,8,10,,7,,3,4,3,3,,6,,,,5,3,4,,6,,9,,,,7,,415.0
76,E07000038,North East Derbyshire,,,,,3,,5,3,4,,,3,3,4,,9,,,3,,,,3,,3,,3,3,,5,,,8,,,10,,,5,14,,6,3,,,11,,,3,4,,3,,,,,5,,,9,,,7,,3,,,,5,,4,,,,,10,8,,8,,,,5,,4,8,,,,,,5,3,5,3,3,,,,3,,412.0
77,E07000039,South Derbyshire,4,,4,3,3,6,10,,12,,4,3,,3,,8,3,,,,,5,5,,,,,,,8,3,,6,,,13,,,3,8,,9,4,5,,8,3,3,,4,,5,,4,,,5,9,,4,,,6,,,,,,3,,10,,,,,6,15,,11,3,5,5,,5,5,4,,,3,3,3,4,5,4,3,,,,,8,3,557.0
78,E07000040,East Devon,,4,8,,8,12,12,5,15,4,,,,,4,9,3,,,,4,5,4,,,3,,3,,3,3,,8,3,,16,,5,,5,,8,7,,4,10,,10,,,,,,,3,4,9,,,4,,,4,5,3,,5,,,,,,,,,12,12,,12,,4,7,6,4,3,,3,3,3,5,,,3,11,9,10,,4,,11,4,590.0
79,E07000041,Exeter,,6,9,,7,6,7,3,7,6,,,,,,12,4,,,4,6,10,6,4,3,,,5,5,,,,11,,,14,,,,4,,5,,3,8,12,,10,,10,,,,,,4,6,,,13,,3,5,3,,,,,,,4,,,,3,8,15,,7,,4,10,3,3,,,,,,6,,,,5,5,8,,5,,5,,631.0
80,E07000042,Mid Devon,,4,,,,3,4,5,9,,,,,,,11,,,,,,4,,,,,,,,4,,,4,3,,6,,,,6,3,4,4,,6,9,3,5,,3,3,,,,,4,6,,,8,,,3,3,,,3,,3,,,,,,,7,10,,6,,,,,,,4,,,3,5,,5,3,4,4,3,,4,,3,,412.0
81,E07000043,North Devon,,,,,,3,,6,9,3,,,,3,,4,,,3,,,3,,,,,,3,,6,,,8,,,8,,,4,10,,7,,,3,6,,3,3,3,3,3,,,,4,,,,8,,,3,3,,,,,3,,5,,,,,4,7,,5,,4,,,,3,,,,,3,4,,4,3,,,,3,3,5,3,418.0
82,E07000044,South Hams,,3,,,4,,,,7,4,,,,,,,,,,,,6,,,,,,,3,4,,,4,,,7,,,,5,,3,,,3,8,,5,,3,,,,,,3,,,,,,,3,,,3,,,,,3,,,,,4,6,,4,,3,6,,,,4,4,,3,3,,,,,4,3,,5,,,3,307.0
83,E07000045,Teignbridge,,,6,,5,8,11,4,5,8,,3,,,4,9,,,,,,,3,3,,,4,,,6,,,10,5,,16,,5,4,9,,10,,3,4,8,,6,,8,4,3,,,,6,10,3,,12,,,5,,3,3,3,,4,,,,,,,8,18,,8,,3,9,,4,,6,5,,,7,,,3,4,7,8,,,3,8,3,593.0
84,E07000046,Torridge,,3,,,,3,4,,4,,,,,,,3,,,,,3,,,,,,,3,,,,,7,,,7,,,4,4,,5,4,,4,4,,,,,,3,,,,,4,,,8,,,3,,,,,,,,,,,,,4,5,,,,,8,,,,3,,,,,,,,3,,,,,,,3,288.0
85,E07000047,West Devon,,,,,,,3,3,,,,,,,,3,,,,,,,,,,,,,,3,,,4,,,,,,,,,7,,,,,,,3,,,,,,,,,,,3,,,,,,,,,,,,,,,,,5,,4,,3,,,,,,3,,,,,,,4,,3,,,,5,,211.0
86,E07000061,Eastbourne,,3,7,,6,,5,,8,4,3,,,,,,,,4,,,,6,,,,6,,,,,,10,,,8,,3,4,5,,8,3,5,3,5,,10,,6,,4,,,,3,3,,,,,3,8,,,,,,,,,,,,,4,10,,6,,5,5,,3,,,,4,4,3,,3,,4,3,5,,,,,3,502.0
87,E07000062,Hastings,,,3,,3,7,9,8,9,4,,,,,4,4,,,,,3,,,,,,3,3,,3,,5,10,,,12,,,3,5,4,,,6,,3,,3,,,4,4,,,4,4,4,,3,,3,,8,,,,5,,3,,4,,,,,8,9,,7,4,,,4,3,,,,,3,3,,,3,8,3,,,3,,4,,547.0
88,E07000063,Lewes,,4,6,,4,4,5,,5,,,,,,,6,,,4,,3,,4,,,,,,,,3,,11,5,,10,,,3,5,,5,3,,,8,4,3,,,,,,,4,,8,3,,4,,,4,4,,,4,,4,,3,,,,,7,9,,7,,4,4,4,,3,,3,,,4,,,3,5,4,8,,,4,5,3,459.0
89,E07000064,Rother,,4,,,,4,6,4,11,,,,,,,3,,,,,,7,,,5,,4,,,4,,,11,,,12,,,,8,,6,4,3,,7,,4,3,3,,,,,4,,3,,,4,,,6,,,3,,,5,,,,,,,3,9,,8,,,,,,,,,,,,,3,,,3,,,,,4,,365.0
90,E07000065,Wealden,,4,5,,5,10,12,8,12,4,3,,,3,,10,,,,,5,11,3,,,,,,,5,4,4,8,,,13,,4,6,16,4,15,7,4,12,17,3,5,,9,3,5,,,,3,11,,,7,,,4,3,,3,4,,,3,6,3,,,,10,10,,14,,3,6,4,3,4,,,,,4,,3,5,4,3,11,,8,3,6,3,708.0
91,E07000066,Basildon,,8,11,,6,15,24,,14,4,9,6,5,4,,14,7,7,,4,6,12,,,4,6,9,,,9,3,8,13,3,,26,4,7,17,24,,15,6,10,3,22,6,13,4,9,,8,3,7,6,,15,5,5,17,,,9,8,,6,5,3,6,3,6,3,,,,15,21,3,15,7,9,,9,6,5,4,,,5,6,5,8,20,7,4,10,4,3,14,11,8,1290.0
92,E07000067,Braintree,5,7,4,,6,14,11,,16,3,7,,4,4,,10,,,7,,4,7,4,3,,,3,4,3,6,,5,9,5,,15,3,4,10,17,,13,3,7,7,14,,18,3,8,,3,3,3,4,7,11,3,,10,,,5,5,3,,7,,,3,8,,,,,7,18,,12,5,4,,4,3,6,,,,5,,4,5,3,5,6,13,,,4,5,,818.0
93,E07000068,Brentwood,,5,3,,4,4,5,,9,,3,,,,,8,4,,,,,6,,,,,4,,,3,,,8,,,17,,,,11,,12,3,,,9,,4,,4,,3,,,7,6,7,,,4,,,,4,3,,,,4,,5,,,,,4,12,,7,,,3,,,6,,,,4,3,,3,10,,5,8,,,4,4,5,471.0
94,E07000069,Castle Point,,3,,,3,10,5,5,9,,,,,,,8,,,,,4,4,,,,,4,,,,,,7,,,15,,3,,10,,5,,,3,11,,,,7,,5,,,,,3,,,12,,3,3,6,3,,4,,,,5,,,,,6,12,,3,,3,,,,3,,,,,3,,4,11,,3,4,,,3,3,4,438.0
95,E07000070,Chelmsford,5,7,5,3,12,10,11,,14,5,6,5,,3,,22,4,7,,,7,7,,7,8,,12,,,9,4,5,9,5,4,33,4,3,8,18,3,17,7,,8,9,,10,5,4,4,6,,,5,5,13,5,,13,,,6,3,3,4,6,4,7,,10,,,,,12,28,,13,9,8,7,,,6,,,,5,7,,,9,10,9,11,,,7,13,5,988.0
96,E07000071,Colchester,5,8,,,7,14,13,5,22,4,,,,,4,19,,7,,3,4,15,7,3,3,3,14,4,5,7,,,18,3,,23,4,5,7,25,3,17,10,3,13,15,3,4,7,11,3,,,4,6,3,12,10,,12,6,5,9,3,,,9,,8,3,5,3,,,,12,19,,9,,6,9,,3,5,3,3,3,6,7,4,6,10,9,16,13,,,6,12,5,1122.0
97,E07000072,Epping Forest,8,5,16,3,5,8,6,,10,4,,6,,5,4,10,6,3,,,3,6,3,,,,4,,,8,,4,6,6,5,20,,4,4,11,,15,3,,3,13,3,4,3,8,,,,,10,7,5,3,,11,,,6,5,3,5,6,,6,,5,,,,,7,15,,8,,3,5,,,6,4,,,6,,,8,9,5,,7,,3,,11,7,830.0
98,E07000073,Harlow,,,4,,3,8,8,,6,3,,3,,4,,5,4,3,,,,5,4,,,,,4,,,,,5,,,13,3,5,,10,,6,,4,,4,,,,8,,4,,,,3,11,3,,7,,,4,7,,,4,,3,,,,,3,,6,10,6,6,,6,,,,5,,,,,,,5,7,,,3,,,4,7,3,606.0
99,E07000074,Maldon,,6,,,,3,4,,5,3,,,,,,5,,,,,,4,,,,,,3,,,,,6,,,6,,,,7,,9,,,3,6,,5,,3,,,,,,,3,,,,,3,4,,,,3,,,,,,,,,5,5,,,,,,,,,,,,,,,,7,,,3,,4,,4,,256.0
100,E07000075,Rochford,,4,,,3,6,5,,10,,,4,,,,6,3,,,,,,,,,3,,,,5,,,3,,,8,,4,4,7,,8,,,,8,,3,4,3,,,,3,,,4,,,9,,,3,,,,,,,,9,,,,,7,7,,5,,4,,,,,,,,5,,,,3,4,,4,,,,,,354.0
101,E07000076,Tendring,,9,7,,,5,9,,12,,5,3,,,,10,,,,,3,6,,3,5,,5,3,,,,7,9,,,16,4,4,,11,,8,,10,6,9,3,5,4,6,3,,,3,4,,,6,,7,3,3,11,8,,3,5,,6,,4,,,,,7,11,,10,,9,5,,3,3,3,,,,5,,4,11,7,4,6,,3,,5,,646.0
102,E07000077,Uttlesford,5,4,3,,8,10,8,,12,4,,,,,3,7,,,,,,4,,,,3,3,,,6,3,,8,4,,10,,,,15,,14,,3,3,11,,5,,7,4,,,,3,3,9,,,8,3,,,,,3,5,,,,4,,,,,4,5,,4,4,,4,,,4,,,,4,7,,,5,,6,4,3,,,7,3,504.0
103,E07000078,Cheltenham,5,6,,,6,5,7,8,12,3,,,3,,3,8,4,,3,3,,8,3,,,,6,4,3,4,,3,5,5,3,10,,,5,5,3,8,,4,3,12,,6,,6,,,,,,4,7,3,,10,4,,7,,,,4,,3,,3,,,,,3,8,,10,,,5,,,4,6,,,4,5,,,,8,4,7,,7,4,6,,614.0
104,E07000079,Cotswold,4,,,,4,10,3,3,6,3,,,,,,,,,,,,4,,,,,,,,3,,,,,,6,,,3,11,,10,4,,4,5,,6,,4,4,,,,,,5,,,5,,,,,,,,,5,3,,,,,,4,7,,4,,,,,,,3,,,3,3,,,,3,7,8,,3,,8,,387.0
105,E07000080,Forest of Dean,,4,8,,,,6,3,6,,,,,,,6,,,,,,3,4,,,3,3,,,3,,,3,,,8,,4,,7,,5,6,4,,4,,5,,,3,,,,3,,3,,,,,,5,,,,,,,,,,,,,5,15,,5,,,,,,,4,,,3,,,,,5,4,,,,,6,,416.0
106,E07000081,Gloucester,10,3,3,,6,10,7,3,6,4,,,4,5,,6,,5,4,,3,8,5,4,,,3,,,7,,4,12,,3,13,,4,3,15,,7,,5,7,12,,13,,,4,3,,,,5,15,4,,15,,,6,,,3,9,,,,,4,,3,,10,10,,8,,7,5,,,3,8,,,3,,,4,9,6,6,9,,5,4,9,4,829.0
107,E07000082,Stroud,,6,5,,4,7,5,6,7,4,,,,,,6,3,,,,,3,6,,,4,,,,7,,,5,,3,8,3,7,3,5,,10,,,,8,5,4,,4,,,,4,,5,5,3,,9,,,,,3,,,,,,6,,,,,10,7,,4,,3,,3,3,,3,3,,5,3,,,7,7,4,11,,7,,7,,557.0
108,E07000083,Tewkesbury,,,5,,10,6,4,4,13,,,,,,,9,,,,,,,4,,,,7,,,5,,,9,,,10,,,,9,3,8,4,6,7,12,3,4,,3,,,,,,7,7,,,6,,,5,,5,,3,3,,3,,,,,,,10,,6,,,4,,,4,4,,,3,10,,,4,4,,9,,6,5,3,,531.0
109,E07000084,Basingstoke and Deane,3,7,,,8,10,10,7,16,5,4,,,5,,6,4,3,,,4,6,,,4,,8,4,3,6,,5,13,5,,19,4,6,9,13,,8,5,7,8,12,,12,5,10,,6,,,,3,13,,3,9,,,10,3,6,,9,,3,7,7,,,,,12,17,,14,,6,7,5,6,3,12,,,6,,4,4,6,11,7,11,3,6,3,8,4,949.0
110,E07000085,East Hampshire,,5,,,3,4,3,,12,,,,,,,11,3,,,,6,5,,,3,,4,,,6,3,,8,5,3,10,,,4,11,,11,3,,8,8,,11,,,,3,,,,5,4,,,4,,,4,,,,,,3,,4,,,,,8,19,,9,,4,10,,,,4,,,6,4,4,,7,8,6,11,,3,,9,5,541.0
111,E07000086,Eastleigh,3,3,3,,7,7,9,4,9,5,,3,,,3,7,3,,4,,3,9,,,,,5,6,,8,,,12,,,17,,3,5,11,4,7,9,,6,11,3,13,4,4,,,,4,3,,7,4,,6,,,8,5,5,5,7,,5,,5,,,,,12,16,,7,3,3,5,6,,4,5,,,6,8,,,9,12,6,5,3,,,10,12,691.0
112,E07000087,Fareham,,4,3,,3,6,6,8,7,4,,3,,,,8,,,3,,5,10,,,,,11,,,,,,5,5,,8,,,7,3,,16,,3,3,7,,5,,7,,6,,4,,3,6,5,,10,,,5,,,,3,3,,3,4,,,,,7,7,,5,,,,,,,3,,,,7,,4,5,6,4,11,,3,,,4,506.0
113,E07000088,Gosport,,,4,,6,7,9,,5,,,,,,,5,,,3,,,,,,,3,3,,,4,,,9,,,10,,,3,7,,8,,3,3,8,,4,,,,3,3,,,,3,,,3,,,8,,,,4,,4,,4,,,,,7,11,,7,,,4,4,,,,,3,,4,,3,3,5,,3,,3,,4,,427.0
114,E07000089,Hart,,,4,,5,8,5,3,12,5,,,,,,11,5,,,,5,8,,,,,5,,4,8,,,6,3,,5,,,6,6,6,6,4,,6,10,,6,3,7,,,,,,8,11,,,5,,,,,5,3,5,,,,10,,,,,5,12,,6,,,3,,,3,7,,3,6,8,,4,3,7,4,6,,,,6,5,509.0
115,E07000090,Havant,,4,5,,3,7,7,,17,4,3,,,,,8,4,,3,,,5,7,4,3,,4,,,,,,10,,,15,,6,5,9,3,6,3,5,,6,7,,,5,,6,,3,3,3,4,6,3,8,3,,9,,3,,5,,4,,5,,,,,8,10,5,7,,5,5,4,,6,3,,,5,3,,,9,5,,6,5,,4,4,,611.0
116,E07000091,New Forest,3,,,,4,11,7,9,10,6,6,,,,3,12,3,,,,3,6,4,,,5,3,3,,4,,,7,5,,18,,3,5,20,,9,6,3,7,10,,,,9,3,3,,4,,4,5,,,7,6,,6,3,,,7,5,4,,5,,,,,12,11,,13,,3,5,8,3,,3,4,,8,7,,,,8,5,6,,4,,7,,719.0
117,E07000092,Rushmoor,,4,5,3,5,6,10,3,6,,,,,,,9,3,,,,4,4,5,5,,,4,,,3,3,3,3,,,10,3,4,4,13,3,9,3,3,5,7,,5,5,3,,4,,,,7,9,,3,8,4,,7,3,,,9,3,,3,3,,,,,12,14,,10,,,5,5,,,,,,4,7,,,5,5,4,4,,4,3,10,3,675.0
118,E07000093,Test Valley,5,5,3,,5,9,5,4,17,7,,,,,4,4,,3,,,4,6,3,,,,8,3,3,7,,,5,3,,14,3,,5,10,6,17,,3,7,10,,9,6,5,4,,,5,,3,9,,,5,,,5,,4,3,7,,6,,4,,,,,10,12,,3,,,,3,,,9,3,,4,3,,,,4,3,11,5,,,8,5,649.0
119,E07000094,Winchester,3,6,,,,6,,,19,4,,,,,3,7,,,,,,6,4,3,,,3,,3,4,3,,3,,,18,,,3,9,,12,4,,,9,,4,,10,,,,,,3,,4,,12,,,,3,,4,5,,,,3,,,,,10,16,,9,3,,,,,,3,,,4,7,,,4,,6,8,,4,,10,4,518.0
120,E07000095,Broxbourne,5,5,4,,5,5,,,10,,6,,,4,,6,,,,,,7,8,,,4,5,,,4,,3,5,,3,8,,,4,11,,5,5,,,7,,5,,5,,,,5,3,,4,,,7,,,5,3,,7,4,,,3,3,4,,,,3,6,,3,,5,,,,,,,4,5,,,3,3,4,,3,,,4,6,3,629.0
121,E07000096,Dacorum,3,6,5,5,7,14,4,9,14,7,,,,3,,8,5,,,4,4,12,4,,,,4,,4,4,6,,9,,6,16,,5,8,25,,8,3,3,6,13,3,10,3,7,,,,,,6,16,6,,17,,,7,6,4,4,5,,4,,4,,,,3,11,17,,8,5,5,,5,4,5,4,5,,7,14,,5,9,7,9,10,,4,7,10,10,986.0
122,E07000098,Hertsmere,,5,,,,3,5,,8,,3,4,,,,,,12,,,,3,4,,,,6,4,,,,,,,3,6,3,,,12,,8,3,,3,5,3,6,3,3,,,4,,,,7,,,6,,,3,6,3,3,6,3,3,,3,,,,,5,10,,5,,,,3,3,,,,3,5,,,,,6,,3,,5,,,,627.0
123,E07000099,North Hertfordshire,,5,4,,9,5,5,3,7,9,,,3,,3,12,3,,,,8,6,4,3,,,8,,,8,4,4,7,5,,15,,,5,9,,10,5,5,8,6,,6,4,3,4,,,,3,5,8,,,7,,,8,3,,6,,,5,,7,,,,,6,11,,10,,4,,,,,3,,,,9,3,6,6,5,8,9,,3,,9,4,720.0
124,E07000102,Three Rivers,,,,,4,5,3,,5,,,,,,,6,,,,,,,,,,,4,3,,,4,,4,,,13,,,4,8,,7,,,,15,,4,,8,,,,3,4,,4,,,5,,,4,3,,,,4,3,,6,,,,,5,4,,4,3,,,3,,,,,,4,3,,,,,5,,,,3,4,,479.0
125,E07000103,Watford,7,4,,3,7,3,4,,5,4,,,5,,,4,6,8,,3,3,7,3,,,,4,,,6,,,,,5,13,,,,5,,4,4,,7,5,,6,,4,,,3,,,,9,,,4,,4,,7,4,5,,,,,4,,4,3,17,8,3,,6,,,,,,,,,4,,5,,,5,3,3,4,,3,,,,743.0
126,E07000105,Ashford,,,3,,4,6,8,6,18,4,,,,5,,9,6,3,,,5,7,5,3,,,3,,,4,,,7,,,12,,4,6,18,3,9,7,4,8,10,4,8,3,13,6,4,,,,3,7,,,6,,,6,4,,3,5,,,,3,,,,,8,8,5,9,,8,3,,4,5,4,,4,4,5,,,4,6,5,12,,,13,10,6,733.0
127,E07000106,Canterbury,,8,5,,5,5,7,6,9,4,,,,,3,10,4,4,,,,,,5,,,3,8,,5,,3,10,4,,25,,4,3,10,,5,,3,8,11,6,4,,4,4,,,,,4,4,4,,10,3,,4,,,4,,,3,,,,,,,7,6,,5,,5,7,,4,,3,,5,,4,,5,7,6,,9,,3,3,6,5,652.0
128,E07000107,Dartford,4,3,8,,3,8,12,5,8,4,,,,5,,9,6,5,,,4,4,4,,4,,7,,,,,9,10,,3,21,,,4,19,,10,3,6,,9,,9,,6,,3,3,6,5,3,18,4,,12,,,9,7,5,,3,3,5,4,4,4,,,,12,6,,9,,3,3,6,4,4,3,,,,5,4,3,6,9,6,5,,,6,4,5,884.0
129,E07000108,Dover,,3,5,,3,6,6,3,11,3,,,,3,,8,,,,,,4,3,3,,,5,4,,3,,,6,,,10,3,,,9,4,13,5,4,6,4,,5,,,,3,,,,,6,4,,4,,,5,,,3,3,,,,,,,,,7,15,,3,,9,4,3,3,,,4,,,3,4,,4,7,3,11,,,3,4,,547.0
130,E07000109,Gravesham,3,3,4,3,5,4,4,,4,,,,,5,,8,6,6,,,,6,4,,,,4,,,4,,5,,,4,12,,,,6,,17,,4,,3,,6,,6,,,6,5,7,,3,,,8,,,6,4,,3,3,,4,,,,,,,5,13,,7,,4,,,5,4,,,,,3,4,6,8,3,3,4,,,5,4,3,669.0
131,E07000110,Maidstone,,6,7,,7,8,10,3,11,8,,,,4,5,14,3,6,,,,14,3,4,3,4,8,,3,7,3,7,8,6,3,26,,7,8,16,,9,7,3,8,6,7,8,4,6,4,6,,5,3,5,5,9,,7,,,5,,,,7,3,7,3,4,6,,,,13,28,,12,4,,3,6,3,,4,,,7,,4,6,9,8,6,17,3,5,6,9,6,1041.0
132,E07000111,Sevenoaks,,7,5,,8,6,5,5,12,,5,,,,8,11,6,,,,,14,,4,4,,6,,3,4,,,6,,,17,,,4,10,,15,,,4,8,,5,3,8,,,,8,,,13,4,,9,,,,3,4,4,,,3,,8,4,,,,7,13,,10,4,,3,3,,4,6,,,4,4,4,,3,,9,8,,,6,8,5,664.0
133,E07000112,Folkestone and Hythe,,5,5,,,6,6,,12,,,,,,,6,3,,,,,7,,3,,,3,,,,3,,6,,,10,,,8,8,,3,7,,5,6,,8,,6,,9,,,4,,3,,,9,,,3,5,,,,,3,,,,,,,3,7,,6,4,6,,,,6,,,3,,3,,,4,3,3,3,3,,4,4,,511.0
134,E07000113,Swale,,5,8,,4,7,8,8,18,3,5,3,3,5,,13,5,,,,7,7,5,4,4,4,9,,,7,,3,14,3,,10,3,3,5,15,6,12,3,6,8,14,,11,4,7,,7,5,6,8,6,11,5,,10,,,7,10,,5,8,,7,,3,3,,,,14,21,,22,5,6,9,9,6,5,7,,,6,5,,3,13,11,4,11,5,4,4,8,7,940.0
135,E07000114,Thanet,,,,,6,8,7,6,14,4,3,3,,,3,7,4,,,,,4,7,,8,,6,3,,3,,,9,,,11,,3,10,15,,4,7,6,6,5,5,11,3,8,,5,4,,,3,5,4,,9,4,,9,6,6,,5,,6,,,,,,,9,14,,11,,10,3,3,,6,,,,6,5,,7,6,5,8,7,,,5,,,812.0
136,E07000115,Tonbridge and Malling,,3,6,4,7,6,6,5,21,3,4,,,,4,4,4,4,,,3,12,,3,8,4,5,3,,6,,4,11,5,3,20,,4,7,19,3,11,,5,6,18,3,8,4,8,,3,,,4,6,12,7,,11,,,5,3,5,4,,,7,,3,3,,,,9,16,,5,7,,,,,6,6,3,,7,9,3,6,11,7,7,13,,3,,16,,810.0
137,E07000116,Tunbridge Wells,,12,4,,3,3,6,3,16,5,,,,,,3,3,,,3,,10,3,,,,6,3,4,3,,,3,10,3,7,,3,4,6,,10,,3,,6,,5,,4,,,,,,6,6,4,,9,,,5,,4,,5,,,3,3,,,,,7,18,,13,4,3,6,,,3,,,,5,4,3,5,,8,6,7,5,5,,10,,612.0
138,E07000117,Burnley,3,,5,,,7,5,6,4,,,,,,,10,,,4,,,,,,,3,5,,,5,,,4,,,8,,,3,10,,5,3,4,7,8,,4,,4,,4,,,,,3,3,,8,,,3,4,,,7,,,,5,,7,11,30,7,6,5,3,,5,3,4,,,,,,3,,,3,3,6,,5,,,5,5,,543.0
139,E07000118,Chorley,,,5,,4,4,7,,16,5,,,,,,11,,,,,3,12,3,4,6,,5,7,,,,,6,,,16,3,,6,13,,9,,,8,12,,7,,14,,5,,3,,7,4,,3,9,,,7,,,,3,,3,,,,,,,8,16,,9,,4,,5,,3,6,6,,6,6,,5,3,9,4,12,,3,,10,5,564.0
140,E07000119,Fylde,,,,3,,3,3,3,7,4,,,,,,6,,,,,,,,,,,,,,4,,,3,,,7,3,,,12,3,6,3,,3,4,,4,,6,,,,,,4,5,,,5,,,,3,,3,,,,,,,,,,3,8,,4,,,,,,,,,,,,,,,4,4,5,,3,,4,,308.0
141,E07000120,Hyndburn,,,,,,6,,,,4,,,,,,4,,,,,,3,3,,,,,,,5,,,7,,,5,,,,15,3,,3,5,7,7,,4,,5,,5,,7,3,,3,4,,6,,,6,3,,,3,,3,,4,,7,14,24,5,10,,6,,4,,,3,,,,,5,,,,3,11,4,8,,,,,,523.0
142,E07000121,Lancaster,,,,,5,12,9,6,7,5,,,4,3,3,13,3,,,,3,8,4,5,,,4,,,6,3,,7,,,11,,,6,16,,10,6,5,11,19,,7,4,7,,8,,6,,5,4,3,,10,,,6,4,5,,3,4,,,7,4,,,,6,19,3,10,4,6,9,10,,,6,4,,5,10,,4,3,12,5,9,3,,,6,5,731.0
143,E07000122,Pendle,,3,,,4,3,6,,8,,,,,,,,,,3,,,,,,,,,,,,,,4,,,14,,,,8,,3,3,,9,8,,6,,,,,,,,,3,,,3,,,3,,,,5,,,,4,,15,21,60,7,3,3,4,3,,,3,,,,,,6,3,,,,,5,,3,,,3,,581.0
144,E07000123,Preston,7,,,3,5,7,10,4,11,4,3,,,,,11,4,4,,,3,5,5,,,,7,,,5,,,6,3,,6,,5,5,11,4,6,,4,7,11,,8,,7,,6,4,5,,8,5,,,12,,,6,,,4,6,,7,,3,3,5,8,25,9,10,,7,,4,,4,4,,4,,3,6,5,,,3,3,6,13,,,,4,,873.0
145,E07000124,Ribble Valley,,,,,,5,4,,5,,,3,,,,7,,,,,,6,,,,,,,,,,,4,,,6,,,,10,,3,,,3,3,,,,,,,,,,,,,,,,,,,,,,3,,,3,,,,,,7,,5,,,3,,,,3,,,3,,,,,5,,3,,,,4,,231.0
146,E07000125,Rossendale,,4,,3,,7,4,,,,,3,3,,,,,,,,,,3,3,,,,4,,,,,6,,,6,,,,6,,,,3,,12,,4,,3,3,3,,,,3,,,,5,,,,4,,,4,,,,,,,,5,5,5,,6,,,8,3,3,,4,,,,,,3,8,8,,6,,,,4,,410.0
147,E07000126,South Ribble,,,,,5,8,7,,5,7,,,,3,,8,,,,,,,4,,,,5,,,5,3,,13,4,,21,,3,,14,,13,,,10,8,,5,,8,,5,,,,6,7,,,5,,,4,3,,3,4,,,,,,,,,9,14,,8,,5,,,,,5,3,,4,5,,,4,4,5,3,3,4,,4,7,535.0
148,E07000127,West Lancashire,,,,3,6,9,8,,5,4,,3,,3,,,5,,,,3,4,6,,,,3,,,,,3,7,,,11,3,,4,9,,10,,,7,10,,10,,8,,4,,,,8,6,,,10,,,5,,,,5,,3,,9,,,,,16,11,,7,,,6,,,,3,,,5,,,,,5,,11,,3,,7,5,506.0
149,E07000128,Wyre,,4,,,4,8,4,3,6,4,3,,,,,4,,,,,3,4,,,,,4,,,,,,8,,,14,,,4,10,,6,,4,6,6,3,4,,9,,,,5,4,4,8,,,6,,,3,4,,,3,,4,,3,,,,,8,11,,4,3,4,,,4,3,3,,,3,3,,,4,4,4,10,,,,7,,455.0
150,E07000129,Blaby,,,6,,4,10,6,4,8,,,,3,,,9,4,,,,,7,,,,,3,3,,,,3,10,,,10,,,3,13,,7,3,,3,9,,10,,3,,5,,4,,,7,5,,11,,,,3,,,5,,,,11,,,,,6,13,,9,3,3,4,,,,,,,,,,,3,6,3,7,,,4,5,,593.0
151,E07000130,Charnwood,3,4,4,,7,11,10,10,16,5,,,,3,,5,3,4,,,6,4,6,3,6,,3,,,3,,,6,5,6,21,,,7,12,3,12,5,4,5,13,3,12,3,5,,7,,,3,3,7,4,3,10,,5,12,7,3,,3,,3,,6,,,,,13,13,,11,8,3,7,,4,5,4,3,,3,5,,,5,6,3,14,,5,6,7,5,925.0
152,E07000131,Harborough,,3,,,4,4,8,,7,,,,3,,,11,,,,,,3,,,,,5,,,5,,,3,5,,5,,4,,11,,3,,,5,4,,4,,4,,,,,,4,6,,,,,,3,,,3,,5,3,,4,,,,,5,5,,4,,,,,,,,,,,,,5,3,,6,7,,,,3,,398.0
153,E07000132,Hinckley and Bosworth,,3,6,,5,6,7,,9,3,,,,,,10,,,,,,3,4,3,,,4,5,,3,3,3,11,,,19,,,,8,3,5,3,,4,11,,9,,10,,,4,,,7,7,6,,10,,,9,5,,3,8,,4,,6,,,,,5,14,,8,,,3,,,3,3,,3,7,4,,,5,10,3,5,,5,5,8,3,591.0
154,E07000133,Melton,,,,,,3,,,7,,,3,,,,3,3,,,,,3,,,,,,,,,,,4,,,6,,,4,5,,5,,,3,4,,,,,,,,,,,,,,3,,,,,,,,,,,,,,,,,6,,3,,,,3,,,,,,,,,,3,,,4,,,,,,225.0
155,E07000134,North West Leicestershire,,4,4,,3,14,14,5,6,3,,5,,,,3,3,,,,3,6,4,,,,4,,,6,,,12,,,11,,3,6,10,,8,,3,3,11,,5,3,8,3,,,4,,3,5,,4,4,,,,4,,,,,3,3,4,,,,,7,15,,12,3,3,7,3,4,3,4,,,3,4,,,4,7,5,6,,,3,6,,549.0
156,E07000135,Oadby and Wigston,,,,,,,,6,,,,,,4,,,,,,,,,,,,,,,,,,,3,,,8,,,,5,4,3,,,,,,9,,,,3,,,,,,,,3,,,,,,,,,,,,,,,,,,,,,,,,,,,,,,,,,,5,3,3,,3,,,,305.0
157,E07000136,Boston,,,,3,,,4,4,,,,,,,,6,,7,,,4,,,,,,,3,,,,,4,,,6,,3,,5,,,3,,5,3,,6,,3,,,3,,,,3,,,4,,,3,,,,5,,,,,,,,,3,10,3,6,,,,,,,,,,,,,,3,4,,4,,,7,,,392.0
158,E07000137,East Lindsey,,6,,,,5,11,4,,3,,3,3,5,,9,,,6,,,5,,3,,3,,,,5,,,11,,,11,,3,3,15,,5,7,3,6,6,3,7,7,5,,,,,,4,4,,4,7,,,10,,,,4,,5,,,,,,,8,10,5,8,,5,6,6,,4,4,,,,3,,,3,11,,,,3,3,5,,573.0
159,E07000138,Lincoln,6,,,,3,7,6,3,8,,,,,,,8,,,,4,4,4,5,,,,,3,4,7,,,5,,5,11,,3,,15,3,8,3,,7,5,,3,,6,,3,3,,,3,3,,,5,,,3,,,,4,,,3,,,,,,10,10,,4,,5,,,,5,3,,,,,,,,9,3,4,,,4,5,,567.0
160,E07000139,North Kesteven,,,3,,6,6,6,4,12,,,,3,,,10,,,4,,3,8,,,,4,5,3,,4,,,14,,,15,3,3,,12,,9,,,4,9,3,9,,6,,3,,,3,4,4,5,,4,,,6,,,,,4,,,5,,,,,6,12,,12,,4,3,,,3,5,3,,,3,,,5,4,4,11,4,6,,6,,520.0
161,E07000140,South Holland,,,,,5,6,3,3,6,,,3,,,,9,,,,,4,5,,3,,,,,,4,,5,9,,,8,,3,,9,3,7,,3,4,11,,8,,,,5,,,,3,,,,3,,,4,4,,,3,,3,,,,,,,3,9,,3,,3,,3,3,,,,,,,,4,,5,,,,,3,9,,498.0
162,E07000141,South Kesteven,,4,5,4,7,8,10,5,8,,,,3,,,5,,,,,,3,,3,4,,11,5,,5,,5,12,3,,16,,5,4,9,3,13,7,,7,9,,6,3,4,,,,,,3,,5,,5,,4,3,3,,,3,,,,7,,,,,10,15,,12,,4,4,5,,3,5,4,,3,9,,3,4,11,6,8,,4,3,6,3,668.0
163,E07000142,West Lindsey,,,,,3,4,5,4,7,,,,,,,8,,,,,4,4,,,,,3,3,,4,,3,11,,,8,,,3,10,,7,,3,12,9,,8,6,4,,,,,,6,4,3,,,,,3,,,,3,,,,3,,,,,8,10,,7,3,5,,3,,,,,,,5,,,6,4,,6,,3,3,3,,437.0
164,E07000143,Breckland,3,6,4,,5,4,8,,9,3,,,,,,11,3,,,3,,3,,,3,,,,,7,,,16,3,,10,,4,6,13,,8,6,5,,14,,6,,5,,3,,3,,,5,3,,7,,3,6,5,,,3,,4,,6,,,,,7,13,,13,,4,3,,3,3,3,,,3,,,,5,9,3,6,,4,,5,,669.0
165,E07000144,Broadland,,3,7,,5,4,6,8,7,7,,,,,3,10,,,4,,,6,3,,,,3,,3,6,,,10,,,15,,5,3,15,,15,8,6,4,11,,5,,4,,,,3,,,8,4,,12,,3,7,,3,3,,,3,,7,,,,,7,10,,7,,9,3,3,,,,3,,,4,,4,5,9,,8,,5,,13,3,588.0
166,E07000145,Great Yarmouth,,3,,,4,6,7,9,8,,4,,,,,4,,,,,3,7,6,,,,4,4,,6,,,9,,,7,3,5,3,5,,5,,,5,7,,6,3,6,,3,,,,,3,,,5,,3,4,,,,6,,4,,,,,,,5,9,,6,,5,,8,,,,,,,,,,6,10,7,7,3,4,3,8,,553.0
167,E07000146,King's Lynn and West Norfolk,,,12,,,10,7,5,10,6,,,,,,8,8,3,,3,,7,4,3,,3,7,3,4,7,,,7,3,3,10,,4,,11,3,10,3,5,14,11,,8,3,4,,6,,,,3,9,,,5,,,5,4,3,,5,,4,3,3,5,,,,6,18,,11,,8,4,6,3,,,4,,3,,4,6,5,5,4,4,,3,3,11,,744.0
168,E07000147,North Norfolk,,,3,,,4,7,,9,,3,,,,,5,,,,,3,,,,,,,,,,,,7,3,,8,,,3,5,,6,,3,4,11,,3,,4,,,,,,,6,,,5,,,5,,,,,,3,,,,,,,7,7,,6,,4,3,5,,,,,,,3,,4,,5,,3,,,,4,,367.0
169,E07000148,Norwich,,,3,3,6,13,7,5,13,5,3,,,,,14,,,,,3,3,3,,3,,,4,,4,5,,7,,,5,,,3,6,,10,,3,6,10,,7,,4,,4,3,4,,4,5,,,7,,,10,4,,,,,3,3,4,,,,,5,13,,8,,4,,4,3,4,,6,,4,6,3,,,6,4,3,,,,8,,765.0
170,E07000149,South Norfolk,,,3,,3,7,9,,13,8,,,,,,5,4,,3,,4,7,5,7,,,6,,,4,,6,11,,,8,,,5,14,,14,6,,4,10,,10,,7,8,3,,5,,6,4,3,,6,,,5,,,,4,,3,,5,,,,,9,5,3,7,,3,6,,3,,,6,,,6,4,,3,9,7,11,,,,13,,645.0
171,E07000150,Corby,,,3,3,5,7,4,3,6,,,,,,,,,4,,,,3,3,,4,,3,5,,,4,,7,,,7,,,4,4,,,,,3,,,3,,3,,,,,,,,3,,8,,3,5,,,,3,,,,3,,,,,4,4,,,,,4,,3,,,,3,5,,,,,,,,,,,,,439.0
172,E07000151,Daventry,3,,,,5,5,6,6,12,,,,,,3,8,3,,,,4,5,,,,,,,,,,,7,5,,11,,3,,6,,5,6,3,4,4,,9,,3,,,,,,,3,6,,3,,,4,,4,5,,,,,,,,,,8,8,,5,,6,3,3,,,5,,,3,,3,3,,,3,3,,,,,,442.0
173,E07000152,East Northamptonshire,,,,,3,6,9,4,6,,,3,,,,7,,,,,4,4,,,3,,6,,,4,3,,4,,,11,,,,10,3,5,3,5,5,8,,7,,7,,,,,,6,,,,6,,3,5,,,3,,,,,3,,,,,8,7,,7,,,,,,,,,,,6,,3,,4,6,5,,3,4,,,457.0
174,E07000153,Kettering,3,6,3,,4,5,11,8,10,,,,,3,,7,4,4,,4,3,8,,,,,,,,8,3,3,6,,,11,,5,3,11,3,7,4,,4,10,3,5,3,4,,,4,,,,7,6,,6,,,6,3,,,3,,,,5,,,,,11,16,,7,,7,,4,,3,,,,5,,,,6,4,3,6,,3,5,8,,635.0
175,E07000154,Northampton,8,10,3,7,14,11,16,8,12,7,,,3,4,,11,13,26,4,8,4,9,7,,,,15,4,3,5,,3,9,,10,22,8,6,7,23,5,5,5,4,8,13,,15,4,7,,,4,4,7,10,17,7,,26,,4,8,5,4,7,10,,10,4,,7,3,4,11,14,21,,9,,3,,6,,8,3,4,4,5,3,5,3,8,7,6,13,,,3,6,5,1500.0
176,E07000155,South Northamptonshire,,,,,4,9,6,4,6,4,,,,3,5,8,,,,,6,6,,4,,,8,,,7,,,7,3,,11,,,6,8,,10,,,4,8,,4,,7,,,,5,,,7,3,,4,,4,7,,,,,,,,4,,,,,10,9,,4,4,,3,,,,,,,5,3,,3,3,5,8,8,3,,,7,3,478.0
177,E07000156,Wellingborough,,,,,,6,4,,3,3,,,,,,6,,3,,,,4,,,,3,,5,,3,,,7,,3,6,,3,,5,4,,,,3,4,,5,,,,,4,,,,,,,5,,,,,,,,3,,,3,,,,,5,9,,4,,,,,,,,,,,,,,3,3,,5,,3,,4,,443.0
178,E07000163,Craven,,3,,,,5,4,,8,,,,,,,6,,,3,,,3,,,,,,,,,,,3,,,3,,,,6,,6,,,3,6,,3,3,,,3,,,,4,,,,,,,,,,,,,,,,,,,,3,,,3,,,,,,,,,,,,,3,,5,,3,,,,4,,231.0
179,E07000164,Hambleton,,3,3,,4,4,4,3,4,,,,,,4,6,,,,,,7,,,,,5,3,,,,,6,4,3,11,,,,15,,8,,,6,3,,,5,4,,,,,,3,5,,,8,,,4,3,,,,,,,3,,,,,3,13,,3,,,,,4,,,3,,3,3,,,4,5,3,9,,5,,6,,382.0
180,E07000165,Harrogate,,9,3,,5,8,10,5,11,4,3,4,,,7,8,5,,,3,3,12,,,3,,9,,,,3,4,8,5,,11,,4,5,14,,7,9,,,17,,9,,11,4,,,,,6,6,4,,8,,,3,,,4,9,,,6,7,,,,,8,19,,13,3,3,6,,,,,,,8,7,,8,,6,10,13,3,7,,8,,699.0
181,E07000166,Richmondshire,3,,,,,,,,3,,,,,,,6,,,,,,5,,,,,,,,3,,,4,,,7,,,,3,,10,,,7,5,,3,,4,,,,,,,4,,,,,,,,,,,,,,,,,,,,5,,3,,,,,,,,,,,,,,,,,8,,,,,,281.0
182,E07000167,Ryedale,,,,,,4,,,4,,,,,,,6,,,,,,,,,,,,,,,,,,,,5,,,,6,,4,,,3,5,,4,,,,,,,,3,,3,,,,,,,,,,,,,,,,,,3,4,,3,,,3,,,,,,,,,,,,,,,,,,7,,195.0
183,E07000168,Scarborough,3,,7,,,8,8,,6,3,,5,,,,4,,3,3,,4,4,6,,3,,,,,4,,,6,3,,12,,3,,6,,7,,3,3,13,,4,,4,4,3,3,3,,5,,3,,4,,,7,3,,,4,,5,,,,,,,,11,,4,,,4,,,4,,,,3,,,,3,5,3,5,3,,3,7,3,476.0
184,E07000169,Selby,,,,,8,10,6,4,11,4,,,,,,9,,,,,7,4,,,,,3,,,,,,4,,,17,,,6,10,3,9,3,,10,11,,8,,4,,,,7,,5,4,3,,8,,,7,,,,4,,5,,,,,,,8,16,,10,3,4,5,3,,,3,,,3,4,3,,4,6,3,11,,,7,,4,502.0
185,E07000170,Ashfield,,,,,4,10,10,4,7,3,,4,,,,5,6,,3,,6,6,5,,,,7,,,10,,5,10,,,14,,3,5,20,5,5,,4,8,15,,10,,,5,4,,6,5,7,4,,,7,,,7,,,,,3,8,,6,,,,,12,18,3,10,,4,5,,,3,,,,,4,,,4,6,,,,,11,6,3,722.0
186,E07000171,Bassetlaw,,5,3,3,7,11,6,5,,,,5,,,,8,,,3,,3,5,,,,,4,,,,,,4,,,11,,6,,9,,8,,3,10,12,,5,,5,7,3,3,,,4,6,7,4,5,,,4,4,,,10,,,,,,,,,12,10,,4,,3,6,4,,4,7,,,,3,,,9,5,,4,,,6,3,5,550.0
187,E07000172,Broxtowe,,4,4,,,6,,4,5,7,4,,,6,,7,,,,,6,,,,4,,3,5,,10,,,4,,,7,,,9,9,,,,,8,11,,10,,7,,,,,,,10,,,5,,,3,,,,6,,,,,,,,3,11,11,,8,3,,6,,,,,,,8,6,,3,,7,,5,3,5,5,,4,547.0
188,E07000173,Gedling,,,,,4,9,8,6,4,,3,3,,6,,6,,,,,3,3,4,,,,4,,,4,,5,6,,,9,4,,6,6,,3,5,3,7,8,3,8,,,,3,3,3,,5,5,,,10,,,6,4,3,3,,,6,,,,,,,3,15,,7,,,6,,,3,4,,,4,,3,,,8,7,5,,4,,6,6,605.0
189,E07000174,Mansfield,5,,,,6,,4,7,5,,,,,,,10,,6,3,,,4,4,,,,3,,,5,4,,11,,3,11,4,5,6,16,6,5,,,3,6,6,11,,4,,7,6,,,6,,,,6,,,3,,,,9,,3,,6,,,,,9,13,3,7,,4,,6,,,4,4,,,,,,,,,6,,,7,3,,600.0
190,E07000175,Newark and Sherwood,,3,3,4,8,10,12,5,6,3,,,4,,,13,,,4,,,3,5,,,,,4,,7,,,6,,,9,,4,,13,,7,4,4,6,10,3,7,,4,3,3,,7,,6,4,,,5,,,5,,3,5,3,,4,,5,,,,,6,14,,8,,4,,3,,,5,,,3,4,,3,4,3,6,7,,6,,8,,599.0
191,E07000176,Rushcliffe,,3,5,,7,5,3,3,5,6,,,,,,10,,,,,,8,4,,,,6,4,3,7,3,,,4,,13,,,4,13,,11,3,,3,6,,10,3,,,3,,,,5,4,,,6,,,,,4,5,7,,5,,,,,,,8,16,,7,,4,5,,,3,7,,,8,7,,,,4,10,7,4,,5,10,4,561.0
192,E07000177,Cherwell,4,6,6,,9,7,8,6,9,11,,,,,4,6,,4,,,6,8,8,6,,,9,4,6,7,,,7,3,,18,,,4,7,,8,3,,6,15,4,10,,11,4,,,,4,6,12,,,11,,,6,3,,4,8,,4,3,12,,,,6,10,13,,15,3,3,3,3,,,4,4,,3,6,,4,6,11,8,13,,5,3,15,5,946.0
193,E07000178,Oxford,4,3,,,12,4,4,,3,6,,,3,,,5,6,,,,3,6,,3,,,5,,4,4,,,6,3,6,7,,,,4,3,5,,,9,6,,5,,4,,3,3,,,5,7,,5,8,,3,,,3,3,6,,5,,,3,4,,11,8,12,,11,,,,,3,,,3,,10,8,,3,,3,5,10,3,,,8,,852.0
194,E07000179,South Oxfordshire,,11,6,,13,6,11,5,6,6,3,4,,,4,16,,3,,,5,9,,4,,4,3,3,4,8,4,3,3,3,4,19,,,3,10,,11,,5,7,8,,9,4,9,,,,,3,,6,,,16,3,,,3,,3,5,,3,3,6,,,,,4,18,,7,,,7,3,,4,,,,7,4,,4,7,4,7,8,,4,4,11,5,746.0
195,E07000180,Vale of White Horse,3,4,6,,5,8,4,4,13,17,,,3,,4,7,5,,,,3,10,,9,,3,5,,5,6,4,,5,,4,22,,5,7,14,,14,4,3,4,10,5,7,,12,,,,,,4,11,,,10,,3,4,5,4,,6,,,,7,,,,,8,17,,13,,3,4,,,,3,,,7,6,,4,8,5,9,8,,3,3,7,,775.0
196,E07000181,West Oxfordshire,,3,3,,7,8,4,7,7,7,,,,,3,7,,,4,,,6,4,,,,7,3,,4,3,,5,4,,6,,,,6,7,14,,,3,13,,14,3,4,,,,,,4,8,,,4,,,,4,,,9,,3,,,,,,,7,15,,9,,,3,,7,,9,,,3,5,,,,5,9,7,,4,,10,,550.0
197,E07000187,Mendip,,,,,4,6,10,4,11,3,,,,,,12,3,,,,3,,,,,,,3,4,9,,3,5,4,,7,,3,4,9,,9,,4,4,9,,6,4,4,6,,,,5,,3,,,6,,,8,,3,,6,,5,,3,,,,,8,7,,5,,4,8,4,3,,,,,,,,,,4,3,5,,,,6,,519.0
198,E07000188,Sedgemoor,,,3,,3,9,7,5,8,,,,,,,7,,4,4,,,5,,,3,3,5,3,,8,4,,7,,,8,,5,3,14,,8,5,5,6,12,,5,,4,,5,,,,,,3,,5,,,6,4,,3,3,,,4,3,,,,,5,7,,7,4,,6,,3,3,3,,,5,4,,3,3,6,4,7,,4,,5,4,563.0
199,E07000189,South Somerset,,5,5,,6,10,16,6,22,9,5,,3,,,10,,,,,,5,,3,,3,4,,,12,,,10,,4,17,,5,10,23,,9,4,,4,17,,9,4,4,3,5,,,8,3,11,,3,6,,3,10,3,,3,4,,7,,5,,,,,6,14,,16,,3,6,4,,5,3,,,4,6,3,,5,7,,6,,,7,6,4,801.0
200,E07000192,Cannock Chase,,,,,3,8,4,3,9,,,,,,4,14,,,,,3,7,4,3,,,7,,,3,,5,4,,,9,,,4,8,4,6,4,3,5,13,3,8,,5,,9,,5,,4,5,,,8,,,14,7,4,,,,6,,9,,,,,6,17,,8,,3,4,,4,,4,,,,,,,3,3,3,5,,7,6,3,4,558.0
201,E07000193,East Staffordshire,4,,3,,,10,5,7,6,,,3,,6,,5,5,,4,3,3,4,,,,,4,,,,3,,10,,,8,,,11,3,3,11,3,5,4,11,,9,,7,,4,,5,,,5,,,4,,,5,4,4,,3,,6,,5,,4,4,27,4,16,8,7,,,4,3,,4,5,,,,5,,,4,6,5,8,,4,3,10,,677.0
202,E07000194,Lichfield,,,3,,4,4,8,,9,,,,,,5,12,3,,,,,3,3,,,,,,,4,,,10,,,9,,,,11,,7,,,11,11,,3,,,,4,,,,5,4,,,5,,,3,5,,,3,,3,,,3,,,,10,13,,11,,3,3,,,4,3,,,,,,,3,4,3,7,,3,,4,4,450.0
203,E07000195,Newcastle-under-Lyme,,,5,,,13,5,,8,,,,,,,6,,,3,,4,6,4,,3,,,3,,4,,4,8,3,,22,,,7,8,,12,,3,7,8,,3,,,,,,4,,4,6,,,10,,,6,,,,3,,,,4,,,,,10,14,,11,,3,,3,4,,4,,4,3,,,,5,5,4,9,,,,4,,551.0
204,E07000196,South Staffordshire,,3,,,7,4,10,3,9,4,,,,3,,9,3,,3,,,3,4,3,,,5,,3,4,,,9,,,16,,,4,8,5,5,,,,6,3,11,,3,,3,,7,,3,3,4,,10,,,8,,,,,,4,,,,,,,6,7,,4,,4,,,4,,,,,,6,,,4,3,,6,,,,10,3,462.0
205,E07000197,Stafford,,5,,,4,8,8,,14,4,,,,,,9,,,,,5,10,5,,,,3,4,,,,3,6,3,,14,4,5,5,15,,9,8,,5,9,,12,,7,,,4,4,,6,6,,,7,,,8,,3,3,6,3,9,,7,,,,,9,11,,8,5,6,5,4,,6,,,,4,7,,6,3,7,5,9,,4,,9,,662.0
206,E07000198,Staffordshire Moorlands,,,,,,4,,,6,4,,5,3,3,,4,3,,,,,3,3,,,,4,3,,5,,,3,,,13,,,,8,,4,,,,5,,5,,5,,3,,,,4,5,,,4,,,7,,,,,,3,,,,,,,5,8,,7,3,,3,,3,,,,,,4,,,,3,3,5,3,,,,,385.0
207,E07000199,Tamworth,,,3,,4,8,3,,6,,,,,5,,8,,,,6,,,3,,,,,,,7,,,4,,,15,,3,7,11,,3,,,5,9,3,8,,3,,,,,,5,,,,5,,,5,,4,,5,,,,,,,,,11,8,,7,,5,3,,3,,,,,,,,,4,6,,,,3,4,6,4,428.0
208,E07000200,Babergh,,3,,,4,4,5,4,11,,,,3,,,7,,,,,3,4,3,,,,,3,,5,,,5,3,,4,,3,,5,,6,,,4,6,,5,,6,4,,,,,3,,,,4,,,5,3,,,,,,,3,,,,,10,13,,3,,5,3,,,,,3,,,,,3,6,4,,5,,,4,,,369.0
209,E07000202,Ipswich,5,3,5,,8,10,11,5,7,,,,,3,,10,4,4,,,,,8,,,,9,6,,10,,,7,3,5,5,3,4,8,12,,6,,4,9,3,,7,3,5,,5,,3,,3,8,,3,8,,3,8,,,6,6,,6,,3,,,3,,10,14,,8,,5,3,7,4,3,,3,,,,,3,3,9,8,5,,,,4,4,889.0
210,E07000203,Mid Suffolk,,3,,,,3,5,3,7,,,,,,,5,,,,,4,5,4,3,,,4,,,3,,,4,,,8,,3,4,9,,8,,,3,8,,3,,,,,,,,6,,,,,,,8,,,,3,,3,,3,,,,,8,10,,3,,3,,,,,,3,,4,5,,,,5,4,5,,,,9,4,402.0
211,E07000207,Elmbridge,4,5,,,9,7,,7,10,9,,,,,8,6,,,,,4,3,,,5,,6,,,,6,,4,7,,15,,,7,7,,13,8,,,16,,5,4,9,,,,,,4,18,4,,16,,,7,,3,5,7,3,,,8,,,,,13,16,,5,3,,,,,,,,5,8,8,,,3,7,3,10,,,,16,6,763.0
212,E07000208,Epsom and Ewell,,,4,,4,6,6,,5,3,,,,,,,,,,,3,7,,,,,7,,,4,,3,3,3,,6,,,5,6,,5,,,3,5,,,,6,,,,,,,6,7,,7,,,3,4,3,3,,,,,5,,,,,8,8,,9,,,,4,,,,,,4,,,3,5,7,4,10,,,,5,3,465.0
213,E07000209,Guildford,3,7,3,,9,6,3,3,9,3,,,,,3,7,6,,,,3,13,3,,,,9,,3,5,5,3,3,8,,12,,,4,20,,12,8,3,8,12,3,5,4,7,3,,,,,5,6,,,9,,,4,,,3,4,3,,,6,,,,,9,19,,9,4,4,,,3,,,3,,8,5,,,4,8,4,12,4,3,,10,,714.0
214,E07000210,Mole Valley,,,3,,7,3,7,3,8,5,,,,,,,,,,,5,8,,,,,3,,3,,,,3,3,,7,,,,3,,,,,,10,,3,,6,,,,,,,5,,,7,,4,3,,,,,,,,3,,,,,6,9,,9,,,,,,,,,,4,4,,,,,6,5,,5,,4,,392.0
215,E07000211,Reigate and Banstead,3,3,3,,10,8,13,3,18,6,,,,,4,4,6,,4,,3,6,4,3,,,5,,,7,,3,6,4,,14,3,,7,11,,9,5,,5,21,4,13,4,11,,4,,5,,7,15,5,,13,4,3,9,,,7,,,3,3,9,6,,,,13,18,,14,6,3,5,,7,3,4,3,,6,5,,,5,6,5,11,,4,4,16,5,862.0
216,E07000212,Runnymede,,3,,,9,3,5,,7,7,3,,,,,6,,,,,5,6,3,5,3,,7,,,4,4,,3,,,12,,3,4,8,,7,,3,3,7,,5,,4,,,,,,6,7,4,,7,,,4,,5,3,3,,,,,,,,,6,14,,10,,3,,,,,3,3,,5,5,,,9,,,9,,,,4,,508.0
217,E07000213,Spelthorne,,8,,,8,5,6,,16,,,,,,,10,4,,,,4,3,4,,,,4,,,4,,,3,,,12,3,,,10,,5,,4,,7,,,3,5,3,,4,,,4,14,,,9,3,,4,4,,,,,,3,,,,,3,9,6,,7,,6,,,3,3,,,5,,4,,,,3,4,5,,,,3,,627.0
218,E07000214,Surrey Heath,3,4,,,8,4,5,,6,,,,,,,5,3,,,,,6,,,,,,,,4,,,,,,6,3,,3,7,,,,,,7,,9,,,,,,,,,5,4,,3,,,6,,,3,,,3,,4,,,,4,7,6,,4,,,,,,,,,,6,,,,,4,6,,,,,6,,414.0
219,E07000215,Tandridge,,3,,,3,,6,,5,3,,5,,,,6,5,,,,,4,,,,,6,,,4,,3,7,,,6,,,7,6,,9,,,3,8,,5,,8,,,,,,4,8,,,6,,,,3,,,,,3,,4,,,,,9,12,,6,,,3,,,,5,3,4,5,5,,4,,4,,6,,3,,7,6,504.0
220,E07000216,Waverley,3,5,,,9,,4,9,8,4,,,,,5,10,,,3,,,9,4,4,3,,4,,3,8,3,,3,7,,21,,,6,7,,10,5,,6,12,,9,,12,4,,,,3,5,9,,,11,,,5,,,,5,,,3,9,3,,,,8,16,,16,,,5,4,,,5,,,10,5,,,8,8,5,11,,3,,12,5,643.0
221,E07000217,Woking,,,,,7,3,5,4,11,5,,,,,,6,5,3,4,,4,6,,3,,,4,,,4,,,4,,4,7,,,,6,,8,3,,4,6,,,,6,4,,,3,,4,6,,,7,,3,5,,,3,,,,,4,,,6,20,9,15,,13,,3,,,,,,,,4,10,,3,3,,3,3,,,,11,,666.0
222,E07000218,North Warwickshire,,,3,3,,3,,,3,3,,,,,,8,,,,,,,,,,,,,,3,,,,,,14,,,3,9,,4,,,,5,,7,,3,,3,,,,7,4,,,3,,,,,,,,,,,,,,,,5,6,,4,,4,,,,3,3,,,,3,,,,,,7,,,3,3,3,318.0
223,E07000219,Nuneaton and Bedworth,3,,5,,4,8,16,5,6,4,,,,6,,7,3,4,3,4,,,6,,,,6,,,5,,,8,3,,10,5,3,,13,,7,,4,5,9,5,8,7,8,,9,,5,,,6,5,,9,,,3,3,4,,3,,4,3,,,,3,,12,14,,5,3,6,5,9,3,4,,,6,5,5,,3,4,3,3,7,,,6,,,770.0
224,E07000220,Rugby,3,,3,,8,8,6,5,4,,,,,,,8,6,4,,3,,6,3,,,,,,3,,5,,9,,,9,,5,,11,,9,8,4,3,7,4,3,3,4,,6,,,,,4,3,,14,,,3,3,,,4,,,,,,,,,7,6,,6,4,,5,,,,5,,,3,4,,,4,5,8,3,,,4,7,,630.0
225,E07000221,Stratford-on-Avon,,4,4,,4,12,11,4,13,6,,3,,,5,9,,,3,,,7,4,,3,,3,3,5,6,,3,6,5,,13,,,9,10,3,16,3,,5,7,,4,,9,4,,,,3,6,8,,,5,,,7,,,,4,,,,5,,,,,6,10,,9,,,7,,,,4,,,,8,,5,,6,4,3,3,3,,8,,597.0
226,E07000222,Warwick,,,,,5,11,7,8,10,7,,,,3,3,11,3,,,,,4,4,,,4,6,,4,8,6,,,,,12,3,,7,12,,9,5,6,3,10,,12,3,7,,4,,3,,11,4,7,,3,,,,,5,,4,,,,4,3,,,,7,16,4,14,,,6,3,,,3,3,,4,6,,,3,6,10,12,4,,,11,6,767.0
227,E07000223,Adur,,,,,,5,5,,6,,,,,,,5,,,3,,,4,,,,,3,,,,,3,7,,,3,,,,7,,,,5,3,5,,4,,4,,,,3,,3,6,3,,6,,,,,,,,,,,4,,,,,,4,,5,,,,,,3,,,,,,,,3,,3,3,,,4,,3,330.0
228,E07000224,Arun,4,5,,,3,10,8,6,20,7,,3,4,4,,5,,3,3,4,9,7,3,3,4,,5,4,,3,3,,6,,,9,,,5,16,,5,9,6,5,9,,3,4,4,,5,,,3,,3,,,8,6,,9,4,,6,,,,,4,4,,,,15,11,,6,,3,3,,3,3,,,,6,3,4,4,6,12,4,6,,4,3,6,8,731.0
229,E07000225,Chichester,,5,5,,,5,8,4,13,8,,,,,3,6,,,,,5,4,4,,,,4,,,,3,6,5,,,12,,,3,6,4,5,4,,,13,,6,,5,,,,3,3,3,3,,,4,,,5,3,,,6,,,,,,,,,4,9,,10,3,,,,,,5,,,,4,,,,4,7,8,,,,10,,503.0
230,E07000226,Crawley,5,3,3,,6,5,4,9,8,,,,,,3,5,5,3,,,,6,,,,,6,3,,3,,4,3,,3,4,4,3,5,11,,5,3,4,3,6,,6,3,6,,5,4,3,,,9,,,8,,,7,3,,7,5,3,4,,3,,3,5,12,7,14,,7,,4,,4,,,,,,,3,3,,6,6,4,9,,,3,4,,783.0
231,E07000227,Horsham,3,9,,,11,7,5,6,13,4,,,,,,5,3,,,3,3,9,3,,,,8,,,3,5,3,12,5,,16,5,,,20,3,5,3,,6,13,,8,,6,,,,,3,5,6,5,,9,,,,,3,4,,,,,5,,,,,6,20,,4,5,3,3,3,3,4,,3,,6,6,,,4,6,5,8,,6,,13,6,664.0
232,E07000228,Mid Sussex,,,4,,6,4,8,9,5,,,,4,5,4,8,4,4,,,5,9,,3,,,5,,,11,,3,4,10,,11,3,,10,12,,5,6,,,9,,13,5,6,5,4,,,,9,9,,,10,3,3,5,3,4,4,,,5,,8,,,,,13,11,,8,,5,6,,,3,,,,6,9,,5,3,10,11,17,4,4,3,5,9,750.0
233,E07000229,Worthing,,,4,,3,3,4,8,13,3,,3,,,,6,3,,,,3,,,4,,4,4,4,3,,3,3,4,,,8,,,5,6,,9,,3,5,3,,8,,3,,,,4,4,3,3,3,,4,3,,8,,,,3,,4,,,,,,,11,11,,8,5,4,3,,,5,3,,,5,,,,4,5,6,4,,,3,6,,557.0
234,E07000234,Bromsgrove,,3,4,,6,3,5,4,8,5,,3,,,,9,,,,,5,4,,,,,3,,,8,,,6,,,12,,,3,7,,11,4,,8,13,,4,,4,,3,,,,8,8,,,,,,5,,4,,,,3,3,5,,,,,,15,,11,,,4,3,,,,,,,7,,,,6,7,6,,,,11,,491.0
235,E07000235,Malvern Hills,,5,,,,,3,3,4,3,,,,,,3,,,,,,7,,,,,,,,3,,,,,,4,3,,,4,,8,,,,5,,5,,,,,,,,,3,,,,,,4,,,3,,,3,,,,,,,,7,,3,,4,4,,,,,,,,,,,,4,3,7,,,,6,,274.0
236,E07000236,Redditch,,,3,,4,8,7,5,6,3,,,,,,7,,,,,5,5,,,,3,8,,,6,,,9,,,12,,,3,7,,5,,,3,11,,8,,8,,5,,,,,4,,,9,,,7,,,,4,4,,,4,,,,6,8,11,,6,,3,,4,,3,,,,3,7,,,,3,4,5,,4,6,3,,511.0
237,E07000237,Worcester,,,3,,4,11,9,3,13,,,,,,,5,4,4,,3,3,,,,,,4,,,8,3,,3,4,3,11,,,5,7,,3,3,3,,3,,7,,4,,3,,,,3,3,,,10,3,,10,3,,,3,,3,,,,,,6,8,6,,8,,,,,,,,,,7,6,,,,6,6,3,3,6,,8,5,557.0
238,E07000238,Wychavon,,5,5,,,10,8,5,6,4,,,,,,9,3,,,,3,5,,,,,5,,,6,,,9,,4,20,,3,5,13,,11,,5,4,12,,8,4,,4,3,,,,3,4,,,6,,,4,3,,,,,3,,5,4,,,,7,10,,3,3,,,,,,,,,3,5,,5,4,5,4,7,3,3,,6,,552.0
239,E07000239,Wyre Forest,,,3,,,3,6,4,3,5,3,,,3,,7,,,,,,7,4,,3,,,,,,,,6,3,,8,,,7,13,,9,,,3,,,9,,,,4,,,3,3,7,,,8,,3,6,3,,3,4,,4,3,4,,,,,6,11,,6,,,,3,,,,,,3,,,,,7,,4,,,,4,5,490.0
240,E07000240,St Albans,7,3,3,,15,4,6,3,9,13,3,,,,,9,5,4,3,,6,12,,,,,12,,6,3,,,4,4,3,11,,3,4,14,,14,5,,4,12,3,10,4,8,5,,,,,5,10,5,,14,,,,,6,3,4,4,3,,7,,,3,,10,26,,9,4,,,,,,7,3,4,6,18,,,,8,9,15,3,4,3,16,4,870.0
241,E07000241,Welwyn Hatfield,,,,,6,4,3,,4,7,,3,,,,4,4,,,,6,7,6,,4,,3,,,5,,,5,,5,12,,,7,9,,6,,,5,4,,5,,11,,,,,,5,6,,,10,,,3,,,3,9,3,4,3,3,,,,5,8,15,,8,,3,,,,,,,,6,5,,,4,9,3,9,,3,,13,3,660.0
242,E07000242,East Hertfordshire,5,6,3,,8,17,7,,21,5,,,,4,5,7,5,3,,,4,7,,,,,7,,,5,3,3,10,9,,30,,,5,26,3,9,6,3,4,13,,6,5,11,5,3,3,,,,12,4,,10,3,,6,4,6,6,,,4,3,5,,,,,6,11,,18,,3,,,,5,3,,,3,6,3,,8,5,8,10,,3,3,13,4,809.0
243,E07000243,Stevenage,,,7,3,,4,11,,9,4,,,3,,,10,,,,,,3,,,,,,,,7,,3,4,,,9,,3,5,7,,6,5,,4,,4,13,,6,,3,,,,5,7,,,11,,3,3,7,,,,,10,,,3,,,,12,9,,9,,4,,,3,4,,,,,3,,5,8,4,4,4,,,,5,,609.0
244,E07000244,East Suffolk,,7,6,,8,17,9,8,16,6,,6,4,,5,10,4,4,,,11,3,6,7,3,,3,6,6,10,,7,20,3,3,16,,3,,17,4,14,5,9,15,15,,11,,3,,6,4,7,6,6,6,4,4,11,,,7,8,,4,10,4,6,5,6,,,,,11,20,,16,3,7,6,6,4,5,6,3,,3,6,4,3,9,7,8,7,,,6,18,,1042.0
245,E07000245,West Suffolk,3,3,3,,5,13,8,7,12,9,,3,3,5,,15,5,4,5,,3,10,5,8,,,8,7,,9,,8,13,6,,13,3,4,6,16,5,15,,8,10,15,4,12,,7,,8,,5,,7,6,5,4,14,,7,5,4,,4,7,,5,4,9,3,,,,21,19,4,12,4,9,4,8,,4,7,,3,4,5,,,11,11,9,6,,7,3,12,6,1071.0
246,E07000246,Somerset West and Taunton,,3,6,,5,5,11,6,13,5,,,,,,10,,3,3,,6,11,7,3,,,4,,,8,,4,13,,,8,,3,4,10,3,14,,5,5,13,,9,,11,,,,,,4,7,3,,14,,,9,4,,5,5,3,3,,3,,,,,10,13,,7,,6,4,,,3,5,,4,3,5,,3,4,7,6,7,4,4,3,8,3,728.0
247,E08000001,Bolton,16,,4,3,6,22,10,3,20,6,3,6,3,12,,16,4,,,3,12,7,14,,7,3,10,7,,3,,6,13,,5,22,4,4,7,30,,5,,11,13,21,3,13,7,11,,5,3,5,4,10,15,5,3,12,,3,14,9,,3,17,,6,3,9,5,14,26,103,31,25,3,16,5,6,5,5,,5,7,,,5,12,,,9,24,5,19,3,5,4,12,3,1849.0
248,E08000002,Bury,4,,5,4,4,8,8,4,13,9,3,7,3,9,,6,7,,3,,,8,5,4,,3,5,3,,3,3,4,5,3,3,17,4,,7,19,,7,3,7,6,15,,12,,13,,3,4,,4,5,13,7,,14,,3,,13,3,9,8,3,7,5,5,6,8,14,31,16,17,,11,6,,3,,3,4,,,4,9,7,,4,8,14,12,18,,3,,7,3,1161.0
249,E08000003,Manchester,34,4,7,6,22,14,27,12,14,9,4,8,11,10,7,20,24,16,5,4,10,10,9,3,3,4,16,13,7,12,8,9,18,,15,24,6,7,9,22,3,11,16,3,23,23,3,14,9,19,3,8,15,3,3,20,22,9,9,28,8,6,13,9,10,18,19,,13,8,7,16,36,45,149,28,38,7,23,3,15,17,9,8,5,9,3,7,9,19,,3,8,21,11,20,5,9,4,19,7,3662.0
250,E08000004,Oldham,12,5,9,3,5,10,16,3,6,,3,5,6,,,8,6,6,,5,3,3,3,,3,6,9,,,8,,4,14,,5,16,3,4,4,20,5,12,,5,17,15,4,15,6,7,5,6,,4,4,6,7,7,3,12,,4,7,4,,5,6,,6,,11,3,25,87,120,15,11,3,15,3,10,4,7,,11,5,,,7,3,,,6,9,5,10,,5,5,9,4,1612.0
251,E08000005,Rochdale,8,,3,,9,15,13,3,10,,5,8,5,5,,19,5,4,,3,5,3,3,,4,,7,,,7,,10,8,,4,18,3,,,19,6,7,,7,13,17,,16,,6,,3,3,7,4,5,10,5,,18,,4,10,7,6,4,9,3,6,3,7,6,21,50,48,19,18,5,24,3,8,5,3,8,,8,,,4,6,3,,8,15,4,10,5,6,7,4,5,1448.0
252,E08000006,Salford,10,4,10,6,13,15,12,4,14,14,4,8,5,10,,15,18,13,,,3,10,12,10,5,3,13,8,3,6,3,9,20,6,11,24,5,,13,27,,15,,6,15,15,4,20,6,13,5,14,3,3,3,17,14,,7,12,6,4,9,5,4,4,13,4,4,3,14,10,,3,9,21,19,5,10,8,,8,4,6,5,7,3,,8,4,6,,14,12,8,16,3,7,8,14,3,1817.0
253,E08000007,Stockport,5,7,5,,22,17,16,10,26,17,,7,,3,8,21,11,,,4,9,10,14,6,6,4,18,5,,12,9,4,13,5,6,32,,5,6,34,6,15,4,5,17,30,5,22,,17,6,15,3,7,4,14,21,16,4,31,,4,9,12,6,10,12,6,4,4,13,4,,6,14,30,44,3,21,8,,9,,12,4,10,8,6,12,14,8,10,6,19,18,25,5,8,11,25,5,1735.0
254,E08000008,Tameside,,4,5,5,8,18,18,5,14,3,5,10,4,7,4,16,4,,,,3,10,8,7,7,4,13,6,,7,,7,19,,3,25,5,6,10,25,6,10,7,4,19,21,5,16,3,7,,15,5,9,4,6,18,3,,22,,,11,6,3,12,11,7,4,,7,,6,14,29,19,22,3,10,3,8,7,5,,11,8,3,4,4,14,,,14,21,4,20,,4,10,7,6,1456.0
255,E08000009,Trafford,12,9,5,,21,13,8,7,9,12,3,,4,,6,10,8,,4,3,10,11,3,4,,4,14,4,6,9,3,7,9,8,5,24,,3,6,19,,11,5,3,12,23,3,15,4,13,5,7,,5,6,15,22,6,,14,,3,10,8,7,11,11,3,4,,12,,3,4,28,10,26,,16,,,7,3,4,,9,3,,7,13,,,5,11,11,17,7,9,3,19,14,1353.0
256,E08000010,Wigan,3,3,8,4,11,20,13,13,25,8,5,20,5,3,,27,8,,4,4,5,9,11,5,7,5,11,7,,10,7,11,33,,7,57,4,12,9,38,7,20,3,16,23,26,8,40,4,22,,15,5,7,3,16,23,6,3,18,,4,9,14,6,6,15,6,14,4,10,6,,,,27,36,13,24,,6,9,4,7,8,7,3,4,7,10,3,5,7,26,11,28,,7,18,17,9,1771.0
257,E08000011,Knowsley,,,3,3,8,17,15,4,6,,,16,5,10,,13,10,,,,4,7,6,4,,4,9,,,4,6,10,8,3,,14,,7,7,17,,5,,6,19,21,,18,5,13,,6,,10,,16,11,10,4,28,3,5,8,15,4,11,17,5,8,4,10,8,,,,9,21,3,11,4,,8,3,3,,7,,3,6,4,8,,11,6,8,20,,,,6,,1073.0
258,E08000012,Liverpool,24,5,15,4,19,28,29,17,9,15,5,24,11,22,4,29,26,11,3,3,15,14,11,10,8,11,18,7,4,15,7,29,11,,9,39,4,10,14,44,6,17,5,8,25,36,6,43,14,44,7,11,5,5,3,36,37,23,12,41,4,8,30,11,15,25,37,8,32,10,10,21,,9,10,50,40,3,24,,4,25,14,6,4,6,3,10,17,12,18,,33,28,21,45,6,6,5,12,6,2990.0
259,E08000013,St. Helens,4,,9,,7,15,18,7,15,5,4,10,8,4,,12,8,5,,,3,5,4,11,7,9,4,,,8,,7,11,,,16,,3,5,29,5,11,3,6,12,22,,12,,13,,9,5,,,13,8,,,10,,,10,12,,3,11,3,5,5,6,7,,,,21,19,5,13,,,3,7,3,,,4,,10,8,3,3,9,12,10,13,3,5,6,10,,996.0
260,E08000014,Sefton,3,3,9,,9,9,14,10,12,7,3,8,6,17,5,17,14,5,3,,6,4,,8,3,5,12,4,,11,,9,13,,4,23,,5,7,17,4,12,6,5,18,14,,29,7,23,,6,4,3,,26,22,8,5,17,,5,13,4,11,7,19,,18,3,11,6,,,,20,18,,17,,3,4,7,5,,10,5,,5,8,13,,8,19,11,29,,5,,13,6,1298.0
261,E08000015,Wirral,3,5,11,8,12,14,13,8,19,14,7,4,8,6,4,22,14,,3,,9,14,9,7,6,,14,9,3,9,5,7,11,,4,36,,4,11,40,4,16,6,11,25,26,6,30,8,22,5,13,,5,,17,19,8,5,28,3,4,15,6,3,12,23,10,9,6,17,5,,3,3,30,49,8,16,,14,7,8,5,4,5,,4,8,15,4,3,12,27,9,33,6,11,,18,14,1712.0
262,E08000016,Barnsley,3,8,7,,6,12,14,6,9,5,,9,4,7,,27,3,,,3,,7,9,5,7,7,7,4,,8,4,6,23,,,36,6,8,14,27,3,12,,21,19,18,6,19,5,10,,8,4,6,5,7,8,11,5,17,3,4,10,8,4,6,7,,9,7,8,4,,,,20,33,7,23,,11,8,11,5,7,6,5,3,,9,,7,12,10,3,7,,3,4,12,,1371.0
263,E08000017,Doncaster,7,,7,12,8,24,17,11,17,13,4,4,8,6,,28,12,7,,3,5,6,9,6,,3,9,10,,6,,4,10,3,6,32,11,13,6,36,7,18,5,14,19,20,,25,,19,7,10,7,12,4,14,9,9,8,19,5,,10,9,4,6,16,,12,7,12,,,,,19,41,9,19,4,11,15,5,6,3,7,4,,9,7,4,,12,28,8,16,5,4,15,11,4,1765.0
264,E08000018,Rotherham,,,8,,13,16,18,7,7,9,6,5,7,10,,23,,,3,3,6,7,9,4,4,3,15,6,,11,3,4,20,,,26,10,4,6,23,7,21,,13,14,18,4,27,6,10,,7,5,8,3,12,8,5,4,23,3,,19,9,,,21,,13,3,9,,6,8,15,23,25,8,16,3,11,6,6,3,7,15,6,,8,5,,5,9,14,,16,3,3,13,16,7,1518.0
265,E08000019,Sheffield,20,6,9,5,27,26,26,13,18,14,3,10,6,11,5,29,15,7,6,5,8,26,11,11,7,7,12,10,5,10,11,7,23,7,9,36,4,12,15,48,4,23,10,10,33,41,5,36,6,19,10,5,6,11,6,20,22,10,6,40,,3,14,26,6,13,23,8,7,,17,3,16,32,45,34,42,7,28,4,12,21,6,15,15,12,9,7,14,16,9,8,15,24,13,24,12,6,7,16,8,3050.0
266,E08000021,Newcastle upon Tyne,12,,,3,12,14,14,4,11,11,6,7,,9,,13,10,10,,,5,5,3,6,,6,7,,6,10,7,8,9,6,,24,4,3,7,23,6,12,7,13,12,18,3,16,5,14,,8,4,3,,14,13,,9,21,3,6,14,3,3,4,12,6,11,5,14,10,7,10,17,23,21,7,8,,4,3,5,8,,7,3,6,9,7,4,,9,13,4,23,5,,10,16,,1674.0
267,E08000022,North Tyneside,4,,7,4,6,16,16,9,15,7,7,4,,3,,19,4,,,3,6,5,9,,6,6,6,,3,10,4,4,10,,6,13,5,5,10,24,4,10,,4,9,15,4,19,8,14,,9,,,,9,15,,,13,,5,6,4,3,4,11,3,4,11,6,9,,,,15,21,,9,,,3,6,8,,7,4,4,8,12,,,5,19,4,20,3,8,13,11,,1092.0
268,E08000023,South Tyneside,3,,3,,8,19,7,4,5,,3,4,,3,,6,5,3,,,5,,3,,,,4,,,7,,5,5,,,9,7,4,6,20,,5,,5,18,16,3,18,4,11,,5,,,3,7,14,4,,11,3,,6,,7,,15,,3,3,6,4,,,,9,13,6,4,,4,,4,6,,5,,6,4,6,3,,,7,,13,,3,7,10,,775.0
269,E08000024,Sunderland,4,,4,6,10,16,21,,8,4,3,6,9,12,,21,10,,,3,10,4,10,3,8,7,16,7,,7,6,14,15,4,,15,8,,14,32,,10,6,17,23,40,5,21,5,24,,7,6,6,,10,19,10,,20,6,,20,6,,6,15,8,12,8,10,,,,,19,39,11,19,,9,6,6,7,,3,,4,5,7,,,5,14,10,24,,7,4,12,,1468.0
270,E08000025,Birmingham,68,10,8,14,25,29,42,38,26,24,12,4,11,28,6,49,39,39,8,14,22,26,38,12,6,12,31,17,9,26,12,15,32,8,16,49,12,14,17,42,11,32,8,18,42,43,10,35,11,22,8,22,17,7,13,28,40,14,20,46,5,13,38,23,15,9,29,4,26,13,24,13,81,259,392,85,43,7,39,7,14,18,24,27,13,16,8,17,26,24,,11,19,33,26,36,14,8,27,33,16,8196.0
271,E08000026,Coventry,10,,4,6,12,16,13,13,15,6,,6,8,6,,14,10,13,3,5,10,6,14,5,,4,15,6,,6,4,5,16,5,9,25,,3,7,14,,4,4,13,13,14,3,17,6,19,,11,7,5,5,10,19,10,4,30,3,4,13,14,,5,14,,13,,8,7,3,13,28,16,14,3,17,3,6,5,7,4,8,,4,10,14,6,,3,9,13,6,18,9,5,10,5,8,2242.0
272,E08000027,Dudley,9,,10,3,11,21,26,6,25,10,7,4,8,20,4,15,5,3,6,3,8,7,13,10,7,3,12,5,,21,3,3,18,4,,28,5,5,15,32,4,10,8,11,21,25,4,32,11,14,,12,8,13,4,20,13,8,4,27,4,,19,6,,6,9,4,13,,6,3,5,10,22,27,30,5,18,,6,7,8,5,7,13,5,4,7,9,,3,8,18,5,17,5,5,8,8,10,1847.0
273,E08000028,Sandwell,11,,7,8,7,16,14,5,8,3,5,,6,9,,12,8,7,,3,9,3,5,3,3,,11,5,,10,,,12,,9,15,3,5,12,26,9,8,3,3,11,12,6,20,9,8,3,11,15,9,,7,11,3,6,29,6,7,25,,,4,15,3,9,3,4,5,12,35,48,24,28,6,12,,5,6,12,7,6,6,,7,8,7,,,4,15,4,10,,,9,7,4,2322.0
274,E08000029,Solihull,5,4,4,,6,7,12,10,10,13,,,,8,3,18,6,,,,3,8,4,5,,,14,3,,7,3,,6,3,,21,3,,5,14,4,9,4,7,7,11,4,12,,10,,6,,3,4,8,10,5,5,26,,7,12,6,,4,8,6,3,,8,,,4,5,14,17,,10,4,,5,5,4,4,4,6,,6,8,,5,5,10,7,16,,4,11,12,8,1132.0
275,E08000030,Walsall,10,,5,6,5,16,18,10,5,4,6,5,3,14,4,6,3,10,4,3,8,10,10,,,3,11,,,5,3,4,16,,3,30,,7,5,25,7,9,,5,20,13,4,22,9,6,,16,7,8,5,9,8,6,,25,4,,16,7,,,6,,13,,6,4,13,35,51,31,24,6,19,,9,9,10,5,12,3,,5,11,4,,3,8,14,3,15,,7,9,11,4,1873.0
276,E08000031,Wolverhampton,12,,,6,9,9,19,7,9,4,3,3,5,12,,8,7,11,,,14,10,17,,4,,12,6,,5,,,7,,5,21,5,6,8,24,3,10,,12,15,9,,14,5,9,,7,13,6,,8,11,4,5,17,,4,19,5,6,8,11,,12,3,7,4,4,7,11,20,14,8,10,,9,8,6,6,6,10,,5,6,4,,3,7,11,,6,,,7,6,3,1781.0
277,E08000032,Bradford,21,3,8,9,22,15,14,11,25,11,4,10,6,9,3,23,13,4,7,3,7,15,14,7,6,4,14,14,,6,4,10,20,4,8,32,12,5,6,40,6,17,7,13,31,23,4,29,8,13,8,11,4,11,6,16,20,8,6,34,4,3,23,13,5,4,25,,10,4,8,7,76,213,288,44,36,5,25,6,14,4,5,8,13,7,5,6,10,14,3,3,11,16,12,12,10,10,16,21,9,3642.0
278,E08000033,Calderdale,6,,7,3,8,10,11,7,17,,6,4,3,3,,14,6,,4,,4,7,8,3,4,,,5,,8,,4,12,,,25,3,4,3,18,5,8,4,,8,17,,14,3,5,3,6,,3,6,8,6,5,,15,,,6,4,,,5,,7,,6,,7,19,48,17,18,3,10,5,5,11,4,4,8,5,4,,10,8,,5,3,16,3,14,,5,4,6,4,1178.0
279,E08000034,Kirklees,17,3,5,4,10,25,26,17,27,5,5,6,4,4,4,21,11,,,,7,18,17,6,5,3,9,6,4,18,7,8,17,3,6,29,5,5,8,30,9,18,11,11,27,30,8,31,,10,,11,,,6,13,16,8,3,15,,,10,19,5,3,10,3,13,5,8,,38,66,137,26,29,,22,3,15,9,5,12,8,7,8,,13,14,,11,14,18,17,21,8,4,13,12,9,2579.0
280,E08000035,Leeds,30,17,19,11,35,47,33,15,52,26,8,16,12,18,8,46,35,20,7,7,18,28,28,16,22,15,24,18,8,24,13,9,50,11,14,76,8,11,28,62,10,39,10,14,53,73,11,56,13,27,9,22,20,10,12,39,37,10,11,51,10,12,31,27,13,31,42,9,14,17,37,7,14,35,57,76,76,11,57,9,15,26,18,10,10,31,9,4,43,39,10,19,17,34,37,44,13,25,16,58,21,5063.0
281,E08000036,Wakefield,9,3,13,,13,22,18,7,26,10,10,6,7,6,,35,11,4,6,6,10,11,11,5,,,25,7,,19,4,10,29,3,6,38,7,6,18,36,4,23,3,16,16,35,4,26,3,10,7,11,,6,4,11,22,9,3,25,4,6,24,10,5,4,18,5,15,,13,4,4,8,14,33,49,8,21,5,10,13,11,5,4,13,7,3,9,14,7,4,14,22,9,20,5,3,7,19,14,2058.0
282,E08000037,Gateshead,,,,4,7,7,14,7,12,5,3,,3,,,15,6,6,,,3,,4,,3,3,9,3,,5,3,7,9,,,19,,,,20,,7,5,8,8,26,3,12,8,8,,6,9,3,,9,4,3,,11,,,6,8,,5,7,4,5,7,9,,,3,,11,19,4,7,,,5,9,,3,9,,3,7,6,3,,,14,6,13,,5,3,12,,991.0
283,E09000001,City of London,,,,,,,,,,,,,,,,,,,,,,,,,,,,,,,,,,,,,,,,,,,,,,,,,,,,,,,,,,,,,,,,,,,,,,,,,,,,,,,,,,,,,,,,,,,,,,,,,,,,,,34.0
284,E09000002,Barking and Dagenham,9,6,8,5,10,7,6,,8,4,,,,5,4,9,17,23,,9,3,7,15,,3,,8,,,,,,5,,7,10,,,5,9,3,4,,5,10,3,,8,3,7,,,3,,6,6,16,,,7,,,5,12,5,,9,,7,3,,3,16,16,62,16,14,,5,,,,4,4,7,,,6,4,6,,,4,,,,,3,6,6,3,1908.0
285,E09000003,Barnet,21,8,,7,33,10,4,4,5,20,,,4,,7,7,20,40,,10,7,11,8,4,,,18,8,6,,3,,8,6,17,17,,3,5,16,4,13,4,5,11,17,,16,3,16,,,6,,8,17,27,6,5,19,13,10,5,4,5,10,17,4,6,,11,17,4,5,7,24,28,,18,,,11,,3,,3,,11,19,9,,,4,14,8,6,,3,,8,5,2631.0
286,E09000004,Bexley,7,12,10,3,16,16,11,4,18,7,4,5,,5,3,15,13,8,,5,5,10,5,3,5,,10,,,11,,8,12,,8,29,,4,8,22,,16,5,5,4,23,5,13,6,14,,3,9,4,5,8,17,7,5,16,4,4,6,10,5,9,5,,7,3,13,4,,,,10,26,3,12,3,,,6,9,6,5,,3,11,3,4,7,19,9,,13,,,12,12,,1540.0
287,E09000005,Brent,39,,,,12,,,5,11,7,,,5,3,4,3,21,35,,14,7,5,3,,,,10,,4,,5,,,5,9,7,,,,6,,6,,,9,,,9,3,6,,,6,,,9,14,4,3,7,,,3,,7,15,23,,3,,5,9,17,14,22,20,13,,6,,,,,4,,,,3,9,10,,,,6,4,9,,,,5,,2400.0
288,E09000006,Bromley,5,13,8,9,29,12,10,11,24,13,5,6,5,3,7,14,16,4,6,3,15,17,4,7,6,3,19,8,6,13,7,7,14,14,9,33,,8,7,32,,26,6,3,7,38,5,11,6,25,4,7,3,3,8,14,25,11,4,22,3,4,10,8,12,14,15,11,8,,22,3,,3,3,19,31,,24,6,11,4,9,5,7,6,,6,12,18,9,16,7,13,10,25,5,,3,16,12,2144.0
289,E09000007,Camden,17,3,,,21,,,4,12,6,,,3,,4,5,9,,,,,5,,4,,,10,,,,4,3,,7,9,7,,,3,7,,6,7,,4,8,,7,5,10,,,,,,10,5,,,14,3,6,4,,6,8,7,,3,,10,7,,10,5,16,17,,14,,,,,,,3,,,13,6,3,,,5,11,6,,,,13,3,1275.0
290,E09000008,Croydon,17,4,3,8,13,11,8,11,20,8,3,,7,8,3,7,17,16,,5,12,12,18,,3,,20,7,,7,5,5,9,4,21,23,,5,7,16,5,13,6,9,14,15,,18,3,18,,3,6,,11,5,30,9,5,29,8,10,17,10,7,14,10,5,6,9,9,5,5,9,33,32,19,,19,6,,9,5,13,,4,3,10,17,10,4,4,5,13,11,9,4,5,4,6,8,2753.0
291,E09000009,Ealing,33,,3,5,27,4,,5,7,,,,,4,,7,20,8,,10,15,11,4,,,,9,6,,,5,,,5,10,17,,,4,5,,7,8,,7,9,,5,3,11,,,5,,3,8,11,7,3,17,5,6,,3,,10,6,4,6,7,5,6,10,6,21,22,14,,11,,,3,6,3,,5,4,9,9,,,,,3,9,11,3,,,6,10,2339.0
292,E09000010,Enfield,19,4,,5,25,3,5,3,9,6,,,,3,3,8,14,21,,8,9,4,4,,3,,9,6,,,3,4,3,3,6,16,,,3,16,,8,5,4,10,5,,7,,13,3,,7,,3,11,23,3,3,19,10,5,3,3,3,9,12,8,4,4,4,8,,4,6,22,21,,5,,4,,3,5,,,,9,7,8,3,,4,11,9,11,,,,15,5,2402.0
293,E09000011,Greenwich,5,9,9,4,16,3,13,5,18,8,,,4,3,6,10,19,30,4,4,9,9,16,8,,,18,7,7,6,3,6,4,3,15,17,,4,10,11,3,17,8,6,7,15,,13,3,17,,,5,,8,14,28,9,7,21,5,4,10,3,8,6,14,,7,5,9,12,,7,7,21,25,3,13,3,7,9,4,7,6,3,,5,15,15,5,5,10,6,18,11,3,4,4,13,5,2211.0
294,E09000012,Hackney,7,6,,3,14,4,7,9,9,14,,,5,,,8,12,28,,,6,4,8,,,4,5,13,12,7,6,,,9,12,11,4,,,,,9,4,,12,9,,20,,4,,,4,,6,15,13,4,6,19,,4,,,7,7,5,,5,,9,7,3,4,8,14,5,,4,,3,4,3,4,,3,,4,15,6,7,3,,8,13,3,5,,,5,,2224.0
295,E09000013,Hammersmith and Fulham,17,8,,,15,,5,7,4,6,,,,,8,5,10,6,,,5,10,9,,,,3,,,4,,,,7,8,14,,,5,10,,12,5,,9,9,,,,7,4,,,,,6,6,,3,22,3,4,,,5,6,4,7,,,6,4,3,4,4,10,8,,12,,,,,,,,,,4,11,,,3,7,15,9,,,,8,3,1201.0
296,E09000014,Haringey,13,8,,4,19,3,3,8,16,5,6,3,3,,4,,13,20,,5,8,11,6,3,,,9,,6,3,8,3,3,16,9,11,,,3,6,,6,5,,8,5,4,11,3,8,,,6,,5,16,11,4,5,22,7,5,3,,8,6,6,,,3,10,7,,5,5,15,10,,9,6,,6,,,3,,,4,14,9,4,5,4,8,9,8,,,,5,,1905.0
297,E09000015,Harrow,20,8,,6,7,,,,3,,,,5,,3,3,14,36,,11,12,6,,,,,6,,,,3,3,5,3,6,8,,,,,,,,,3,5,,7,,5,,,,,3,8,14,,,9,,3,3,,3,21,11,,5,,,5,4,6,17,16,8,,3,,,,,,,,,7,4,10,,,,,4,5,,,,7,4,1841.0
298,E09000016,Havering,10,9,7,,12,13,16,6,24,4,,,3,7,3,13,14,6,,3,8,14,,6,,,11,6,3,5,4,16,11,5,3,35,4,6,13,26,,19,,8,6,19,,11,5,12,,6,5,,9,8,19,10,3,19,4,9,10,14,5,4,5,4,9,4,12,6,,3,10,22,28,,14,5,7,4,7,6,13,,,7,10,8,5,5,16,5,6,14,5,4,18,13,5,1718.0
299,E09000017,Hillingdon,18,,,4,20,14,13,,5,8,,,,4,5,15,15,15,,5,7,8,4,,5,4,14,4,,4,5,7,8,3,3,15,4,,13,13,,7,,6,4,9,3,7,,7,,6,5,,,8,15,,4,11,7,7,12,3,,,8,4,6,6,7,9,11,10,25,15,17,3,11,3,,3,4,3,3,,,9,6,6,,5,,3,5,13,,5,4,6,4,2105.0
300,E09000018,Hounslow,24,3,,9,18,3,9,3,9,5,,,,,6,7,17,16,,4,4,7,7,3,,,12,4,5,,3,6,,,12,12,5,,4,10,,13,6,,6,11,,8,,14,4,3,5,,,4,12,,4,10,,10,4,3,9,6,8,,6,6,6,5,9,7,28,15,18,4,7,,,,5,4,,,,6,5,6,,4,3,11,6,8,,,,13,4,2092.0
301,E09000019,Islington,9,6,,,13,5,9,8,9,5,,5,,,10,7,8,5,,,4,8,4,4,3,,10,6,11,7,11,4,6,8,8,7,3,,3,9,,18,6,,10,11,4,5,,5,,,,,4,7,9,3,4,13,6,,5,,8,8,11,,6,,10,,,6,5,12,13,,11,4,4,3,3,3,,3,,4,16,10,5,5,3,6,6,12,,4,4,17,7,1458.0
302,E09000020,Kensington and Chelsea,10,,,,14,,,4,6,,,,,,9,,5,,,,3,3,3,,,,3,,,,,,,7,6,8,,,,3,3,10,7,,4,6,,3,,7,,,,,,,3,,,13,,,,,4,4,,3,,,,3,,4,,11,8,,3,,,,,,,3,,3,,6,,,,,11,7,,,,7,,842.0
303,E09000021,Kingston upon Thames,10,3,,5,15,4,4,3,10,8,7,,3,,5,6,7,6,,,14,6,3,3,,,8,,4,7,6,,5,,5,13,,,6,16,,14,3,,5,11,,8,5,6,3,,,3,3,,13,5,,18,6,3,3,6,6,4,3,,,4,8,5,,3,,10,14,,15,3,,3,,4,7,4,,,10,8,,7,,5,6,16,3,,,16,4,1026.0
304,E09000022,Lambeth,13,7,,,15,3,,3,15,16,4,,5,,7,9,12,5,,,10,14,9,5,,3,7,,14,6,3,,5,13,7,19,,,8,12,,12,3,,8,10,4,10,,9,3,,3,,4,11,13,7,6,23,7,8,11,,7,7,16,4,8,9,9,11,,4,8,22,13,,21,3,,5,3,,,7,3,4,21,17,3,3,3,9,13,13,,3,,11,4,2032.0
305,E09000023,Lewisham,10,8,8,7,12,10,9,12,20,16,5,4,,,7,13,18,17,,5,9,10,9,4,6,5,13,11,18,6,7,,9,7,20,11,3,3,6,7,,15,,5,4,16,3,12,,20,3,,12,,9,9,26,6,3,15,7,8,8,3,7,6,20,3,5,5,8,,5,5,5,33,19,,14,3,,5,9,5,,3,5,7,14,13,,5,,13,17,16,,4,,16,5,2297.0
306,E09000024,Merton,14,5,,5,21,,7,6,10,13,,,4,,3,10,14,17,,4,4,8,8,4,,6,11,5,5,5,7,3,6,8,11,17,,6,5,12,,12,7,,12,14,3,14,6,18,4,,,,3,7,14,3,,20,3,9,9,,6,6,11,,3,,12,4,,6,20,10,19,,12,3,,5,4,3,3,6,,,13,9,,,,10,7,10,,3,,11,8,1543.0
307,E09000025,Newham,34,7,,6,11,,,,10,4,,,4,5,,3,14,30,,11,5,5,3,3,,,11,8,3,,,,,3,25,5,,,,4,,,6,3,12,6,,6,,11,,,4,,6,3,6,,4,11,7,4,,,4,8,12,3,5,5,4,9,27,46,110,27,14,,6,,4,,3,,,,,9,9,3,,,,5,,4,,,,3,,2876.0
308,E09000026,Redbridge,30,7,,6,10,3,,,8,6,,,,,3,8,19,30,,6,4,4,6,,,,10,3,3,,,,,,6,8,,,,8,6,5,3,3,8,,,10,,4,,,5,,,4,10,,5,11,3,5,,,6,5,7,,,3,4,8,22,19,91,26,11,,5,,,,,5,3,,,4,11,5,,,,7,6,7,,,,6,5,2344.0
309,E09000027,Richmond upon Thames,4,14,,,22,5,6,9,12,8,,,4,,10,8,4,3,5,,5,14,,4,,,7,,3,4,7,,9,14,13,21,,,4,20,,13,8,,4,16,,8,4,18,3,,,,,8,10,4,,16,5,5,5,3,4,,8,3,4,3,8,,,,3,22,25,,18,,,4,,,,11,,,11,10,,5,3,11,13,15,,7,,20,11,1222.0
310,E09000028,Southwark,19,11,,7,19,5,5,9,14,22,,,3,,4,6,10,14,,,10,11,5,7,4,,15,11,11,4,9,,6,9,8,14,,,,6,,20,4,,7,12,3,10,5,12,,4,7,,,14,19,10,4,28,4,7,6,,6,10,8,,5,11,11,4,,5,7,24,15,,19,,,5,,4,3,5,,6,12,17,5,,4,7,13,13,,5,,10,3,2169.0
311,E09000029,Sutton,7,4,7,,15,9,10,,8,6,6,3,4,3,3,12,8,5,,6,3,9,3,,,3,11,,,6,4,,8,4,3,15,10,,6,15,3,13,5,5,9,15,,10,5,10,,4,7,,7,4,13,8,,12,,,17,8,,3,5,3,3,4,8,6,,,7,9,19,,8,,,,4,4,7,,,4,7,,4,,9,11,5,10,,,3,7,13,1260.0
312,E09000030,Tower Hamlets,36,4,3,4,17,,4,,15,8,,,5,,,4,10,7,,,5,4,,,,,6,4,10,6,3,,,4,6,10,,,4,6,,3,3,,8,12,4,,,7,4,,,,,9,4,,4,17,,4,4,4,5,13,3,,,,8,4,26,91,65,33,12,,8,,,,,6,,,,3,8,8,4,,,3,7,4,,,,3,3,2260.0
313,E09000031,Waltham Forest,17,10,,4,12,6,7,4,10,9,,,6,,4,11,15,18,,4,12,11,8,7,4,3,4,12,9,8,7,5,6,,15,13,,,8,12,,5,4,,14,9,4,10,5,11,7,,4,,,7,18,3,3,11,7,3,8,,6,16,13,3,3,4,14,,12,24,60,24,14,,9,,4,7,3,5,4,4,3,7,9,16,7,4,,6,9,16,3,,,7,5,2273.0
314,E09000032,Wandsworth,10,13,3,,36,8,12,14,29,16,,,,6,28,11,10,4,,,6,21,3,8,,,10,3,18,4,13,,7,28,13,28,,,9,20,6,18,18,4,13,20,4,7,4,22,8,4,4,,,11,26,4,3,26,7,9,6,,11,13,11,6,5,,26,6,6,5,13,29,29,,42,8,,4,,5,,20,,7,18,31,,3,4,7,34,31,4,5,,36,17,2451.0
315,E09000033,Westminster,19,,,,21,,,,5,7,,,,,5,3,14,5,,3,5,5,5,3,,,9,,,,,,,6,6,12,3,,,3,,7,5,3,,5,,,,11,,,,,,4,12,,5,19,,3,,,3,6,5,,4,,3,5,,7,9,17,10,,5,,,,,,,,,,5,11,,,,,12,10,,,,11,,1325.0
316,W06000001,Isle of Anglesey,,,,,,,,3,4,,,,,,,,,,,,3,,,,,,4,4,,,,,4,,,4,,,,,,3,,,,4,,5,3,,,,,,,,5,,,,,,3,,,,,,,,3,,,,,10,4,,,,,4,,,,,,,,,,,,5,3,,,4,,,,345.0
317,W06000002,Gwynedd,,,,,,6,,3,4,4,,,5,,,3,5,3,,,,,4,,,,,,,,,,3,,,4,,3,,,3,,,3,4,3,,3,,,,4,,,,,4,,3,7,,,3,,,3,,,4,,3,,,,,11,9,,6,,,,,,,,,,,,,,,6,,3,,3,,4,,581.0
318,W06000003,Conwy,,3,,3,4,7,10,,6,4,,,3,,,9,,,,,,3,3,,,,,3,,3,,,7,,,6,,,4,7,,6,8,,3,,,8,,5,,4,,3,,,5,,,10,,,,3,4,3,3,,3,,3,3,,,,9,13,,8,,4,,5,,,4,3,,,3,,,,4,,8,,,,6,,521.0
319,W06000004,Denbighshire,,,,,,6,5,5,,,,,4,3,,7,,,,,,,,3,,,3,,,,,,5,,,,,,,13,,6,,5,5,7,,7,,5,,,,,,,3,,,7,,,,,,6,,,,,3,,,,,,10,,9,,3,,,,,,,,,3,,,,,3,6,,3,3,7,,459.0
320,W06000005,Flintshire,,,4,5,,7,10,8,7,,3,,,,,9,3,,4,,9,6,4,6,3,3,9,,,6,3,4,16,,3,14,,5,7,16,4,9,4,,12,15,,13,4,5,3,,3,,,9,9,,3,7,,3,9,5,4,,5,,4,,7,,,,,21,18,,9,,3,5,5,,3,4,3,,5,5,,,7,19,3,6,,,,8,3,812.0
321,W06000006,Wrexham,,,4,,3,13,5,6,6,,,,,7,,11,,,3,,5,3,4,4,4,,4,,,8,,,8,,3,11,,3,5,6,,4,3,5,8,7,,9,3,4,,,,,,5,10,,,19,,,8,3,,,6,,8,,3,,,,,15,14,,12,3,,3,4,,,6,4,,3,5,,4,4,11,,9,,8,,4,,745.0
322,W06000008,Ceredigion,,,,,,5,,,,,,,,,,,,,,,,,,,,,,,,,,,3,,,,,,,,,3,,,,,,,,4,,,,,,4,,,,4,,,,,,3,,,,,,,,,,,6,,3,,,,,,,,,,,,,,,3,,,,,,3,,261.0
323,W06000009,Pembrokeshire,,3,4,,,9,6,5,9,,3,,,3,,7,,,,,3,4,,4,3,,3,,,6,3,,9,,,9,,,4,7,3,6,,3,7,6,,4,,4,,4,,,4,,,,,6,,,5,,,,,,9,,,,,,,11,10,,11,,3,4,,,,4,,,,4,,,4,5,,5,,5,,7,3,541.0
324,W06000010,Carmarthenshire,,3,,,4,11,14,3,4,3,,,4,9,,6,,3,5,,5,,,4,3,,,6,,9,3,,6,,,9,,7,5,10,,8,,4,3,12,3,13,,6,,4,4,,,4,7,,3,9,3,,9,,,4,4,,7,,4,,,,,15,18,,12,,6,6,,,4,,,,4,6,,,,9,,5,,,3,12,,880.0
325,W06000011,Swansea,5,,5,3,9,13,11,7,10,4,4,,4,9,,6,3,3,5,,8,3,9,3,,8,8,6,,18,,4,7,,,14,4,3,11,9,3,3,3,5,5,11,3,13,,3,,7,5,5,4,9,8,4,,6,,3,8,,4,7,6,,13,3,7,4,3,3,5,15,28,6,17,,4,4,9,7,3,5,3,,6,6,4,3,,21,5,16,3,4,9,13,4,1203.0
326,W06000012,Neath Port Talbot,,,,3,,12,8,,7,,3,,7,7,,9,3,,,,,3,5,,,3,6,,,6,3,3,6,,5,10,,5,5,10,,3,,9,4,10,,12,4,4,4,11,4,7,4,3,5,,,8,4,,6,,4,,6,3,10,,,,,,,8,14,3,9,3,,6,3,10,,,7,,4,6,,,,10,3,5,5,,5,7,,736.0
327,W06000013,Bridgend,,,,,,11,5,,6,3,,,,8,,10,5,,,,8,5,7,3,,5,,4,,7,5,,9,,,12,3,8,8,8,,3,,5,12,10,,16,3,3,4,4,,3,,3,4,3,,7,,,10,4,,5,3,,10,,,,,,,10,10,5,10,,,7,3,4,,,,,,5,,,,10,4,12,4,5,4,12,4,770.0
328,W06000014,Vale of Glamorgan,,,3,,4,10,6,5,12,11,,,3,4,,10,,,,,7,3,8,4,,,3,,,6,,,8,,,8,3,3,3,10,,7,6,,6,6,3,13,,,,5,,,3,5,5,4,,9,,,4,6,3,6,8,,,,4,3,,,,14,13,3,9,,,6,4,4,,6,,,5,5,,3,,8,,6,,3,4,12,3,688.0
329,W06000015,Cardiff,11,5,3,3,18,8,20,5,14,15,3,,4,10,,18,7,10,6,,16,11,16,6,3,7,7,10,5,11,4,7,15,3,7,24,5,7,6,11,3,10,4,7,21,24,4,30,4,7,4,4,,3,4,16,15,9,5,21,3,,3,,,10,11,5,9,3,7,3,3,15,16,17,36,6,20,4,4,18,7,6,,13,4,,15,11,3,5,3,21,9,16,,4,,17,13,2058.0
330,W06000016,Rhondda Cynon Taf,,,8,,5,13,14,8,7,6,6,3,4,9,,20,,,,,17,,8,3,,9,7,8,,10,4,4,5,,3,18,4,6,16,10,3,5,4,12,18,16,3,24,4,5,,8,4,3,5,4,3,4,,18,,4,16,,4,9,10,4,13,,5,3,,,,26,38,8,16,3,4,6,7,4,,5,6,,4,4,7,,4,19,5,6,6,4,3,8,6,1295.0
331,W06000018,Caerphilly,,,,,,9,13,6,6,4,6,,,4,,10,,,,,10,3,4,,,6,6,4,,7,,,9,,3,13,4,8,15,16,,4,,8,4,16,3,22,7,4,3,9,5,4,9,8,6,,,8,,,14,,,,4,3,7,,8,,,,,23,20,9,10,3,4,6,3,3,,5,8,,3,7,6,,3,12,,12,3,4,8,10,,951.0
332,W06000019,Blaenau Gwent,,,,,,4,3,3,,,,,5,3,,6,,,,,,,,,,3,,,,3,,,,,,9,3,3,,6,,,,5,3,5,,3,,4,,3,3,3,,4,,,,7,,,,,,,3,,,,,,,,,4,10,4,10,,3,,,,,,,,,,,,,,,,,,8,3,,361.0
333,W06000020,Torfaen,,,,,,7,,,,,,,,6,,6,,,,,,,7,,,,,3,,3,,,3,,,,3,,4,13,,5,,,9,8,4,6,3,4,,,,,,3,,,,9,,,11,4,,,,,,,,,,,,7,8,4,5,,,3,5,,,,3,,,3,,,3,6,3,4,,,4,6,,479.0
334,W06000021,Monmouthshire,,,,,6,4,4,,3,,,,,,,7,,,,,4,5,3,,,,3,3,,,,,3,,,13,,,,3,4,4,,,,8,,9,,4,,4,,,,5,,,,3,,,,,,,3,,,,,,,,,5,5,,3,,,,,,,,5,,,8,,,,3,3,4,,,,8,,362.0
335,W06000022,Newport,4,,,3,,10,12,3,8,5,,,3,5,,13,4,4,,3,5,4,4,6,4,4,8,8,,6,4,,6,,,10,,7,4,9,,6,3,,10,10,4,6,3,7,,,,,,9,5,5,,,,,8,6,,,9,3,7,,4,5,4,8,7,16,11,3,8,,5,8,4,3,3,3,,,7,8,4,4,7,15,,12,7,,,4,3,1007.0
336,W06000023,Powys,,5,,,,10,12,3,7,,,,3,,3,5,,3,,,3,6,,,,,4,,,4,,,5,,,8,,,,6,3,5,3,3,5,11,,10,,4,,,,,,,,,4,4,,,5,,,,3,,,,4,,,,,5,15,,8,,,,6,,,,3,,,5,,,3,6,,8,3,4,3,7,3,580.0
337,W06000024,Merthyr Tydfil,,,3,,5,4,,,3,,,,,,,3,,,,,5,,,,,,,3,,,,,,,3,5,,,4,,,,,,5,5,,6,,3,,,,,,,,,,6,,,,5,,,,,,,,,,,,11,7,,5,,,,,6,,,,,,,,,,4,,3,,,4,6,,358.0
