,AREACD,AREANM,Abigail,Ada,Aisha,Alice,Amber,Amelia,Amelie,Anna,Annabelle,Arabella,Aria,Aurora,Ava,Ayla,Beatrice,Bella,Bonnie,Charlotte,Chloe,Clara,Daisy,Darcie,Delilah,Edith,Eleanor,Eliza,Elizabeth,Ella,Ellie,Elsie,Emilia,Emily,Emma,Erin,Esme,Eva,Evelyn,Evie,Felicity,Florence,Francesca,Freya,Georgia,Grace,Gracie,Hallie,Hannah,Harper,Harriet,Heidi,Holly,Imogen,Iris,Isabella,Isabelle,Isla,Ivy,Jasmine,Jessica,Layla,Lilly,Lily,Lola,Lottie,Lucy,Luna,Lyla,Maisie,Margot,Maria,Martha,Maryam,Matilda,Maya,Mia,Mila,Millie,Molly,Nancy,Olivia,Orla,Penelope,Phoebe,Poppy,Robyn,Rose,Rosie,Ruby,Sara,Scarlett,Sienna,Sofia,Sophia,Sophie,Summer,Thea,Violet,Willow,Zara,Zoe,Total,
678,E06000001,Hartlepool,,,,3,3,12,,,,,,,7,,,,,5,,,3,,,,,6,,10,,6,,7,,,,5,,,,4,,4,3,4,5,4,,4,,4,,,,3,7,6,6,3,4,,,3,,,,,,3,,,,,,,,,4,,,16,,,6,6,,,6,4,,4,3,4,,,,,3,4,,,501,
679,E06000002,Middlesbrough,,3,,8,,12,3,,,,8,,7,,5,3,,5,,,3,5,,,3,6,4,9,4,8,,4,,4,3,,,3,,7,3,5,,6,,,,8,4,3,,,,,6,8,5,3,6,6,8,7,4,7,,3,,,,3,3,,,4,9,5,,,9,10,,3,6,9,,4,4,3,3,5,,6,4,3,,4,7,7,,,940,
680,E06000003,Redcar and Cleveland,,,,11,,9,3,3,,,,,9,,,3,,3,,,6,3,3,3,,3,,3,,11,,3,,4,,4,6,13,,5,,,,,,5,,3,7,4,3,,,4,4,7,6,,,5,,6,,3,,4,,3,,,,,7,,6,,,,4,14,,4,11,11,4,3,3,5,,4,,4,5,5,,,,12,,,684,
681,E06000004,Stockton-on-Tees,,6,,11,,10,5,3,5,3,8,,19,,,,,13,3,,9,,,,,4,5,7,4,3,4,11,,7,8,5,6,4,,9,4,7,5,11,6,5,,13,6,13,,3,5,6,7,11,8,,8,6,3,7,3,3,3,4,4,5,,,,,9,,12,,5,,5,20,4,5,11,10,,,8,9,,,5,4,5,6,,,4,9,,,1052,
682,E06000005,Darlington,,,,3,,13,,,,,5,,5,,,,,6,3,,,,,,6,4,,,,,,6,3,,,3,4,6,,3,3,4,,5,,,,5,3,,,,3,6,6,3,4,,5,,,4,3,,,,,,,,5,,,,4,,3,,3,9,,3,6,3,4,7,,3,,,4,,6,3,,3,8,,,,539,
683,E06000006,Halton,,,,10,,8,,,,,3,,11,,,4,,11,,,4,4,4,,4,3,,4,,4,5,11,3,,3,,4,6,,6,,,,5,3,6,,4,,5,5,,,7,6,11,4,,4,3,3,3,,3,3,4,,3,,,,,,3,7,3,3,,,5,,8,10,10,,,6,,,,6,5,4,4,,4,4,4,,,669,
684,E06000007,Warrington,,,,8,,17,,,,6,4,,9,,4,5,3,14,9,,8,3,,3,5,5,5,6,6,12,4,9,5,3,7,5,14,10,,7,4,6,,8,,,,3,6,8,5,5,3,13,5,12,7,4,9,,6,,5,,6,,3,3,,3,,,6,,5,,6,5,4,19,4,4,7,7,3,,9,13,,4,7,9,13,11,6,7,4,7,,,1033,
685,E06000008,Blackburn with Darwen,,,12,,,12,,,,,,,8,,,,,6,,,,,,,,5,,4,,3,6,4,,3,5,5,,6,,,,4,,3,,3,6,6,3,,,,,5,4,11,,4,6,,,8,,3,,,3,,,3,,14,,,3,3,,,,5,,,,,,4,3,3,,5,7,5,,3,,4,,,,,1007,
686,E06000009,Blackpool,,,,5,,10,3,,,,6,5,12,,,,,8,,,3,4,,,,,,3,,5,,8,3,,6,,,9,,,,3,,4,4,4,,10,4,,4,,,9,,,3,,3,6,,7,6,9,,9,,,,,,,4,,3,3,3,,,13,,4,5,10,,,,4,4,9,8,,8,,3,,4,6,,,787,
687,E06000010,"Kingston upon Hull, City of",,4,3,17,,17,,,3,4,,,19,,4,9,,6,3,6,14,4,8,3,4,10,6,17,4,14,3,17,,6,4,6,7,9,,10,3,6,,13,7,10,,16,4,,8,,,11,11,19,15,7,8,7,9,8,5,9,,12,3,9,,5,,,12,4,22,9,8,3,4,32,,10,24,15,4,3,12,,4,8,3,6,5,6,7,,4,12,,3,1602,
688,E06000011,East Riding of Yorkshire,3,7,,14,,19,3,,3,3,4,4,13,,3,8,5,17,6,,11,8,6,4,,6,4,13,6,10,4,18,5,3,7,5,17,12,5,13,3,4,6,17,,3,4,19,12,5,5,6,3,10,12,17,17,,11,8,6,15,,4,3,7,,4,,,4,,7,,12,3,6,6,,17,,10,12,14,8,9,9,8,,7,9,6,5,12,,7,7,8,4,,1273,
689,E06000012,North East Lincolnshire,,,,,,10,,,4,3,7,3,12,,,,3,6,,,,3,,3,,5,,8,,4,,6,3,3,,,7,6,,7,,9,3,3,,,,4,,,6,,,6,4,15,9,6,,5,5,8,,9,4,4,3,5,,,,,5,,9,3,,,,15,,,6,5,,6,7,4,,3,,4,5,5,6,,3,9,,,820,
690,E06000013,North Lincolnshire,,,,3,,15,,,,3,,3,6,,,4,,9,4,,5,4,,,3,4,,8,5,10,9,4,,4,8,,5,9,5,5,,8,4,4,3,3,,7,,,3,3,4,6,13,7,6,,6,,4,3,,5,3,,,,,6,3,,,,4,,3,4,,17,,,8,5,,,8,5,3,12,,,7,9,3,3,6,7,,,843,
691,E06000014,York,4,9,,8,3,6,,4,,,3,,12,,5,3,,11,,,14,,,5,5,3,6,9,7,13,,5,6,10,4,4,10,5,,7,3,,,5,3,,3,5,6,5,3,,5,10,6,14,8,3,9,4,5,7,4,,3,5,,4,3,,3,,6,3,10,,,,3,8,,8,6,7,3,,9,3,,,7,4,3,4,,5,3,5,,,867,
692,E06000015,Derby,6,5,6,6,3,21,5,4,3,,3,,7,,,,,13,4,,8,,,,,6,7,8,,8,8,7,,5,9,9,6,4,,3,,11,3,3,4,3,5,11,8,4,5,4,3,14,8,10,10,,4,7,,12,3,,,6,,3,,9,,4,10,8,11,4,3,,7,14,,4,6,10,5,3,7,9,,5,10,10,7,12,,,,15,,,1582,
693,E06000016,Leicester,3,,13,6,6,20,,6,,,12,4,6,4,,5,,,3,,3,,6,,,6,,4,3,4,3,6,3,,3,11,6,3,,4,,5,,4,,,8,9,,,,5,,9,,11,6,4,8,8,,6,,,3,7,,3,,8,,13,3,7,11,5,,,4,14,,3,,3,,,,4,6,6,10,9,4,,,8,6,7,5,4,2173,
694,E06000017,Rutland,,,,,,3,,,,,,,,,,,,6,,,,,,,,,,,,3,,,,,,4,,3,,,,,,3,,,,,,,,,,,,,3,,,,,,,,,,,,,,,,4,,,,,,,,,3,3,,,,,,,,4,,,,,,,,,,178,
695,E06000018,Nottingham,5,,4,6,,21,4,3,,,6,,13,,5,,,6,5,,4,,,,,8,6,11,8,,7,8,3,4,3,6,8,7,,,3,9,,6,4,,6,11,,,6,5,,15,6,13,6,,6,8,8,9,4,,3,4,,,,11,,4,4,4,9,5,,,3,18,,3,6,4,3,4,3,10,5,11,10,5,7,6,4,,4,6,4,3,1849,
696,E06000019,"Herefordshire, County of",,,,5,3,4,,,,3,,5,11,,,3,3,6,,,7,,,3,,,5,7,,8,3,3,,6,4,8,9,5,,15,,4,,7,3,,,6,3,,,6,,3,4,11,6,3,4,5,,7,,,,,,9,3,,6,,6,,5,,,,,18,,6,9,9,3,3,,7,,,,3,4,4,4,,,10,,,790,
697,E06000020,Telford and Wrekin,,,,6,,13,,,,3,6,4,16,,,6,3,5,3,,5,6,,4,,4,4,9,,7,6,7,,4,4,5,7,7,,7,,7,3,12,4,,,8,3,,4,4,,6,5,7,7,,8,8,,14,4,,5,3,3,7,,,,,6,,10,,5,7,,23,,,11,8,,5,5,13,,9,4,4,3,6,,,,7,,,993,
698,E06000021,Stoke-on-Trent,3,,8,7,5,20,,3,4,3,7,9,14,3,,6,3,12,8,3,7,4,,,4,6,4,9,5,10,4,8,,,5,9,7,12,6,,3,10,4,4,3,,,10,3,,4,4,,,8,15,11,6,8,8,5,12,5,5,6,6,,8,,3,,4,3,10,5,5,9,4,4,22,,7,8,16,,3,3,8,,9,6,8,9,10,3,,5,12,,,1633,
699,E06000022,Bath and North East Somerset,,3,,,,7,6,,,,,,8,,4,,,7,7,4,7,,,3,,4,3,8,4,10,10,3,,5,3,4,4,5,,9,,7,,5,,,,4,,,,,3,6,6,9,7,,,,5,3,4,,3,3,3,,,,,,7,,5,3,,4,,9,8,,6,11,,7,3,,,5,3,5,7,3,,,3,12,,,771,
700,E06000023,"Bristol, City of",5,8,9,13,8,22,7,16,7,9,10,5,26,3,4,5,5,14,14,9,8,5,3,11,9,12,8,12,6,19,17,20,14,13,13,17,11,12,4,26,4,16,6,27,3,,6,8,4,4,5,10,10,18,15,19,25,,8,7,3,22,12,9,10,9,4,6,7,7,4,3,13,16,21,13,7,7,5,31,3,6,13,14,10,6,14,20,4,13,13,11,14,17,7,11,4,11,3,14,2754,
701,E06000024,North Somerset,,,,7,,7,5,,,5,6,,8,,,,,8,7,3,9,,,,4,,,9,,4,7,13,3,4,5,4,9,9,3,6,,11,3,9,4,4,,4,9,,3,8,3,3,15,13,6,,9,4,4,10,3,3,9,3,,3,4,3,3,,10,5,6,6,,6,,17,,6,10,10,3,7,3,8,,4,6,4,9,9,,3,4,4,6,,972,
702,E06000025,South Gloucestershire,3,5,,13,6,22,6,,4,4,4,3,22,,5,6,5,11,8,3,12,4,4,6,6,9,8,9,3,10,9,19,5,6,7,6,8,9,4,17,,18,4,17,7,3,,9,5,,6,13,4,11,10,29,17,5,10,5,9,10,5,6,8,7,4,14,,3,,,14,8,12,4,13,6,4,24,,6,15,11,5,,21,20,,6,19,6,7,11,3,3,6,14,8,,1583,
703,E06000026,Plymouth,3,4,,4,3,10,,,,3,7,,14,,,8,7,10,6,3,9,5,,3,6,10,4,10,4,9,4,8,7,7,6,9,16,4,,21,,10,,6,6,,3,9,5,5,3,9,3,12,5,20,13,,9,7,6,10,,9,,6,,3,,3,,,10,,12,5,,10,,21,,4,9,16,3,,16,6,,7,,,11,5,,5,8,15,,,1315,
704,E06000027,Torbay,,,,4,3,12,,,,,3,,9,,3,,4,3,,,4,,,,4,,,4,,7,,6,,3,3,4,7,7,,5,,,3,8,4,,,8,,,3,,,5,,11,6,3,,4,,7,3,,,4,3,4,,,,,3,,,,4,4,,11,,5,5,3,3,,8,4,,4,4,,3,,,,3,14,,,634,
705,E06000030,Swindon,,,,6,5,14,4,4,,3,8,3,13,,,,,9,4,3,4,3,,,7,3,4,9,,8,6,16,3,,3,7,9,11,4,6,4,6,5,12,,,11,7,5,,6,,4,10,10,10,10,5,7,5,,8,6,,,10,,9,,,,,7,4,10,5,9,3,,22,4,7,10,9,5,,13,4,,10,10,4,7,6,8,5,,8,4,,1307,
706,E06000031,Peterborough,5,,4,7,,18,,,,,3,4,18,,,,,3,6,3,,3,,,,4,7,6,3,5,13,12,,,5,,8,4,,4,3,8,,14,,,,11,8,,,3,,8,7,14,7,3,7,,3,10,5,3,,5,,5,,6,,4,4,6,12,4,5,,,23,,,3,9,,3,6,3,,4,11,12,7,11,,4,4,8,,,1353,
707,E06000032,Luton,5,,9,,,24,,,3,,4,3,3,,,,,4,5,,4,,3,,,,3,5,4,3,,6,4,,3,10,,,,,,7,,4,3,,6,3,,,3,,,3,,8,,5,7,3,4,3,,,,3,,4,,6,,13,,10,10,5,,3,,11,,,3,,,,,,10,,6,9,7,7,,,,,6,,1602,
708,E06000033,Southend-on-Sea,,,,7,,16,3,,,,5,,12,,,8,3,5,,,12,5,3,3,6,4,5,11,4,5,6,10,,,4,4,5,8,,8,,8,,4,,,3,7,4,,3,4,,18,6,7,9,3,4,7,,8,4,4,4,5,,4,,,,,6,5,9,3,9,4,,8,,6,7,7,,3,15,4,,5,13,,5,7,,,6,6,,,1008,
709,E06000034,Thurrock,,,,7,4,19,,,3,4,7,,15,4,,6,,6,,,9,,,,,,5,7,4,7,5,6,9,3,,6,3,11,,5,,10,,6,,3,4,6,,,,,,9,8,9,7,,4,3,,6,3,5,,4,3,3,,,,3,,5,15,6,5,,3,28,,3,,12,,4,7,7,,4,6,5,9,9,,3,,,4,,1189,
710,E06000035,Medway,3,,,9,6,29,,5,,5,5,4,15,,3,5,6,10,9,,8,5,4,,,5,4,13,9,7,12,10,6,10,8,4,12,18,,21,3,12,3,15,,6,4,15,6,,7,5,4,18,6,20,17,6,8,3,4,11,8,4,3,8,5,5,,5,,4,11,4,18,,10,7,5,20,,5,16,11,,8,20,16,,7,14,11,10,13,13,6,9,18,5,4,1736,
711,E06000036,Bracknell Forest,4,,3,4,,13,3,,,4,3,,14,,,5,3,6,12,,4,,,4,4,,,6,4,,11,10,5,,5,,6,5,,,3,8,4,8,3,,,7,4,,,5,,,4,6,3,,8,,,5,,3,3,5,4,4,,,3,,4,5,7,3,3,3,,12,,4,,5,,,6,,,3,5,8,5,11,,,4,4,,3,698,
712,E06000037,West Berkshire,,,,7,,9,3,,,4,3,,8,,,,,9,9,,11,,,,3,,3,5,,5,3,10,,5,4,5,5,4,,11,3,7,,4,,,3,7,4,,4,7,,6,5,12,6,,12,,,10,5,3,7,3,,3,,,,,5,,7,5,8,,,17,,5,5,8,,,5,3,,,8,8,10,12,,,3,6,3,,791,
713,E06000038,Reading,4,,6,6,3,10,4,3,,,,4,5,,,4,,5,12,3,,,,,,,4,6,,6,4,7,,,4,3,,,,5,,,3,4,,,7,,3,3,,,,4,,7,6,,11,4,,7,3,4,,,,6,,,,3,5,7,7,,5,4,,10,,,,,4,,4,,,,6,15,7,8,,3,,5,4,3,1043,
714,E06000039,Slough,,,4,,3,12,,,,,,,4,4,,3,,3,3,,,,3,,,,,3,,,3,5,4,,,5,,,,,,4,,6,,,4,,,,,,,,3,5,,3,,,,3,,,,,,,,,,9,,3,6,,,,,7,,,,,,3,,3,6,5,6,3,4,6,,,,,5,,1195,
715,E06000040,Windsor and Maidenhead,,,,5,,10,5,,3,,,,6,,,3,,7,6,,5,,,,6,,,7,,,3,9,5,,,,,5,,6,,4,,8,,,,,,,,9,,5,5,7,9,,,3,,3,,,5,,,4,3,3,,4,3,8,12,,,3,,13,,3,,4,,,5,3,,,7,5,6,7,,,,,,,720,
716,E06000041,Wokingham,,,,6,,11,3,,4,3,,,8,,,,,8,4,,8,,,5,,3,,8,,5,7,6,5,5,3,3,11,,,3,,10,3,8,,,,6,,,5,7,,,7,14,6,,10,3,,8,,,4,,,3,4,,,,9,5,4,,4,,,10,,6,3,5,,,7,,,6,8,6,10,13,,,,5,3,4,818,
717,E06000042,Milton Keynes,6,3,5,9,4,21,,5,4,4,10,3,23,5,3,4,6,12,9,3,9,,,,3,3,10,13,4,6,5,15,8,5,6,10,9,12,4,8,,9,6,8,,,5,8,7,3,9,4,,11,3,12,8,,7,6,3,8,4,5,,5,,8,,5,,3,3,9,16,3,5,4,,29,,7,9,9,,,4,5,,4,10,14,13,10,4,4,3,8,,4,1671,
718,E06000043,Brighton and Hove,,,,6,3,15,7,5,,,8,4,12,,3,4,3,10,6,3,7,4,3,,3,,6,6,,4,5,4,,5,5,5,7,6,,6,,6,,7,,,,9,5,3,3,9,5,7,6,7,12,3,7,,,6,7,6,3,5,4,5,3,3,3,,8,8,3,6,5,3,,20,4,5,,12,3,,,13,,3,5,9,9,3,3,3,3,4,,6,1219,
719,E06000044,Portsmouth,,5,3,12,7,12,3,,,3,8,3,14,,,7,,7,3,,11,,3,3,4,,6,8,,10,,9,4,,4,7,5,8,,13,,7,3,6,3,6,,10,4,,,7,3,7,10,10,11,,8,10,,12,5,4,4,,4,4,9,3,,,5,3,8,3,4,3,,18,,6,5,9,5,3,10,6,,4,6,3,8,4,6,4,3,4,3,,1222,
720,E06000045,Southampton,5,3,,15,,22,,4,,,8,3,19,,,3,,4,8,5,7,,,6,,8,6,9,4,9,6,13,3,5,7,5,12,4,,8,,9,5,10,6,3,3,3,3,4,,5,,11,8,12,9,5,7,7,6,9,5,7,5,6,4,5,,5,,,,8,19,7,6,,,21,,6,10,8,5,4,11,5,,,6,10,10,10,,6,,9,4,3,1479,
721,E06000046,Isle of Wight,,,,3,,8,,,,,,,5,,,4,,3,,3,3,3,3,,,,,3,3,3,,4,,,4,,3,4,,7,,5,3,3,,,,3,,,5,,3,3,3,9,5,,4,3,,4,3,,,5,,,,,,,,,4,,4,3,,9,,,6,4,5,,,,,,,,5,,,,,8,,,520,
722,E06000047,County Durham,3,13,,19,10,40,,7,4,4,21,9,30,,4,6,4,26,7,6,14,3,3,,13,10,10,24,14,11,6,33,9,9,9,6,21,24,4,9,12,15,11,35,8,12,12,21,15,14,14,12,4,14,16,38,18,3,20,11,5,20,6,4,15,9,3,8,,,6,,13,6,23,14,7,9,7,43,,6,18,19,12,8,19,12,,16,17,8,23,25,7,3,10,16,10,4,2284,
723,E06000049,Cheshire East,9,4,,15,5,32,8,,3,3,4,,21,,4,9,,12,11,4,16,3,,4,9,9,8,8,7,11,15,14,5,4,13,8,13,19,6,15,3,19,8,16,5,10,6,13,15,5,5,8,,15,10,26,14,,10,6,7,23,3,8,7,8,5,10,,5,9,,20,8,18,6,6,10,6,24,7,5,19,11,7,5,14,12,,14,15,7,16,11,9,6,,11,5,5,1791,
724,E06000050,Cheshire West and Chester,6,3,,18,3,24,,4,4,6,10,,24,,4,5,,19,8,4,14,5,,4,5,10,8,17,7,10,15,23,3,3,14,5,16,8,4,8,5,11,4,17,3,5,7,10,11,9,7,8,3,18,15,24,14,4,14,,4,10,10,8,10,6,3,7,4,,4,,18,,13,6,9,13,7,28,6,9,13,13,6,3,12,5,,13,8,6,11,13,6,11,5,13,4,,1608,
725,E06000051,Shropshire,,5,,10,5,20,4,,4,4,5,,15,3,3,,8,14,9,3,10,5,,6,9,12,4,7,7,13,5,11,4,8,8,7,12,11,4,14,3,11,,19,,4,,8,8,3,6,11,6,8,13,22,7,3,9,3,4,18,8,5,5,9,6,7,,,6,,11,4,15,3,5,6,4,26,,5,13,19,3,3,13,11,,7,6,7,11,10,5,7,4,6,3,3,1334,
726,E06000052,Cornwall,4,9,,15,10,21,6,,6,3,10,12,20,6,,11,9,16,11,4,31,10,9,10,15,11,8,11,7,28,5,16,6,5,17,5,31,13,3,27,,25,,18,5,6,3,15,13,4,13,16,6,13,21,21,25,3,16,5,4,22,13,6,5,12,6,23,5,,8,,15,12,18,8,11,10,,42,8,10,17,28,12,10,23,21,,13,8,6,16,15,11,9,9,27,6,,2421,
727,E06000054,Wiltshire,7,5,,11,7,44,4,4,6,12,9,3,22,3,7,10,5,15,13,6,22,3,7,8,4,13,11,13,6,14,10,26,10,5,10,7,24,21,4,28,5,15,9,24,9,3,4,12,17,7,18,14,5,27,17,21,18,11,14,9,3,17,13,10,6,10,4,8,6,4,4,,38,8,19,7,14,9,11,46,6,7,18,20,8,9,14,10,,17,9,4,8,20,5,10,8,28,5,5,2339,
728,E06000055,Bedford,3,,,10,5,11,,3,3,4,6,3,21,,,,,7,4,,5,,,,5,3,,13,7,,7,9,7,,7,3,6,5,,7,,4,,11,,,,5,4,,,,,8,,9,4,,5,9,,9,,,3,3,,4,,4,,,8,4,3,4,4,,4,9,,4,5,9,5,3,7,3,,7,8,6,11,7,5,4,4,4,,,1079,
729,E06000056,Central Bedfordshire,,4,,17,6,20,8,,10,3,4,4,18,,,3,6,14,5,,7,4,,3,5,4,11,11,6,14,11,17,3,4,8,,8,16,4,18,4,11,4,11,3,9,5,11,8,5,7,12,5,10,12,19,24,,11,9,4,8,7,4,5,6,,8,4,6,,,7,8,15,5,8,4,7,31,5,6,7,18,3,4,11,4,,8,9,9,12,16,3,6,10,13,6,4,1598,
730,E06000057,Northumberland,3,,,11,,14,,4,6,,6,,17,3,,,,15,5,,12,3,,,12,6,6,16,11,11,5,21,5,4,12,7,9,11,3,11,5,15,6,13,9,8,7,17,5,4,4,9,3,6,6,13,17,,14,11,,11,,4,14,3,,7,,,3,,6,,12,,7,5,3,27,3,6,11,16,5,7,8,8,,6,8,6,10,17,,5,,8,6,,1293,
731,E06000058,"Bournemouth, Christchurch and Poole",,,,12,,29,8,4,4,6,4,6,19,5,,3,6,10,17,4,16,3,3,,14,9,7,23,7,15,10,16,6,9,7,10,13,18,3,10,,13,4,19,3,4,3,16,5,6,7,12,,24,6,20,13,11,12,6,4,15,8,5,,10,7,6,3,6,,,10,7,18,10,7,8,,26,4,8,9,21,5,4,9,6,,5,13,22,25,11,5,10,7,11,6,3,1890,
732,E06000059,Dorset,3,5,,9,9,25,,,9,,9,7,10,,9,8,11,12,8,3,12,,3,6,4,8,3,10,4,15,3,15,4,,7,3,14,14,4,11,,14,5,9,3,,,11,10,,,9,4,14,16,12,15,,14,11,6,14,12,5,11,9,,8,6,3,3,,5,3,11,3,8,10,3,26,,6,9,6,6,5,12,5,,10,11,5,13,7,4,4,6,17,,5,1408,
733,E07000004,Aylesbury Vale,3,,,10,5,8,,,5,,3,,9,,,6,,5,10,,7,,,,5,5,,6,,8,7,3,4,4,6,9,6,10,3,12,4,8,4,11,,3,4,4,,3,7,3,,12,10,14,8,5,8,4,,7,5,,5,4,5,3,3,5,,,6,4,10,7,6,,,15,3,4,14,4,5,,9,5,,5,3,7,9,4,3,3,5,4,6,,1062,
734,E07000005,Chiltern,,,,7,,5,5,,,,,,5,,3,,,4,5,,5,,,,,,,8,,,,3,4,,,,5,3,,,,,,7,,,3,,,,,3,,3,3,4,3,,,,,4,,,,,,,4,,,,,4,,,,,,3,,,4,,,6,,,,,,,,5,,,,,,,416,
735,E07000006,South Bucks,,,,,,8,,,,,,,5,,,,,5,,,4,,,,,,,,,,,,,,,,,6,,,,3,,,,,,,,,,,,4,,,,,3,,,3,,,,,,,,,,,,,3,3,3,,,4,,,,,4,,,,,,5,,4,4,,,3,,,,342,
736,E07000007,Wycombe,4,,,,3,10,4,,4,,,,7,3,,,3,3,4,4,8,5,,,4,,4,6,7,3,5,8,,,6,,6,4,,5,5,5,,8,4,,4,4,3,,4,7,,7,,9,6,,7,5,3,5,,,3,3,,5,,,,3,7,7,7,3,6,,,13,,3,12,6,,3,6,4,3,,7,10,8,8,3,4,3,5,,3,1033,
737,E07000008,Cambridge,,4,,5,,5,,7,,,3,,,,,,,,,4,4,3,,,7,,,,,4,5,3,9,4,,9,,4,,5,,5,,,,,4,,,,,,3,,4,,,,7,3,,3,,,4,,,,4,,,,5,,4,,,,,10,,,,,,3,,3,,3,6,8,6,7,,,,,,4,687,
738,E07000009,East Cambridgeshire,,,,4,,13,,,,,,,5,,,,,,,,,,,,,,4,,4,4,3,6,,4,,,7,,,5,,6,,5,,,,,,,,,3,5,4,3,,,,,,3,,,,,,3,,,,,3,,7,4,,3,,5,,,3,,,,,3,,,,,4,4,,,4,,,,410,
739,E07000010,Fenland,,,,6,,9,,,,,,3,6,,,,,5,3,,6,,,,,,,5,,5,5,6,,,,,,,,3,,4,,4,,,,9,,,3,,,4,,8,3,,5,,,4,,,,3,,3,,,,,,,8,,,,,3,,3,4,3,,,,,,3,,,4,8,,,,3,,,499,
740,E07000011,Huntingdonshire,6,4,,12,,16,,,,,,,13,,,5,,5,8,6,6,,,,3,4,6,6,3,7,3,12,4,3,,,12,5,,6,,11,,10,,,,4,7,,3,6,4,6,6,10,3,,8,4,,6,3,,3,,,5,,,,,4,,9,4,6,5,3,17,,,10,5,3,6,9,6,,8,5,5,9,9,4,6,,6,,,868,
741,E07000012,South Cambridgeshire,,,,10,3,15,6,,,3,,,8,,4,4,,7,3,,4,,4,,8,,9,3,4,,4,14,,5,3,,10,5,,8,3,10,,3,,,5,3,6,,4,8,,7,5,6,,,5,,,7,,,3,3,,4,9,3,,,6,,10,,4,,,11,6,6,4,9,,4,,,,3,4,6,6,10,3,,3,3,,6,812,
742,E07000026,Allerdale,3,,,5,,,,,,,4,,,,,3,,5,,,3,,,,5,,,13,,3,,,,4,,3,3,5,,,,4,,,,,,5,,,,,,,,3,5,,6,,,4,3,,,,,,,,,,,,6,,,,,,,,3,6,,,,4,,,6,,3,9,,3,,6,,,404,
743,E07000027,Barrow-in-Furness,,,,,,4,,,,,4,,6,,,,,5,,,4,,,3,3,,,4,,6,,3,,,,,3,6,,,,5,,,,4,,6,,,6,,,,4,3,5,,,,,,,,,,,,,,3,,3,3,4,,4,,4,7,3,,4,,,,,,,,,,,,,,,,,,344,
744,E07000028,Carlisle,,,,,3,8,,,,,4,,8,,,,,4,4,,5,,,,4,3,,4,3,,,8,,,3,,3,4,,3,3,7,,5,,3,,5,,,,3,,,,5,4,,,,4,4,,,5,,,4,,,,,4,,,,3,3,,16,,,7,5,,,9,,,6,,4,3,4,,3,,,,,500,
745,E07000029,Copeland,,,,,,,,,,,3,,,,,,,3,,,,,,,,,,3,,,,,,,,,,,,,,,,,,,,,,,3,,,,,5,3,,,,,,,,,,,,,,,,,,,,,,3,4,,,3,,,,,,,4,,,,,,,,3,,,287,
746,E07000030,Eden,,,,,,5,,,,,,,,,,,,,,,,,,,,,,,,,,,,3,,,,,,,,,,,,,,,,,,,,5,,,,,,,,3,,3,,,,,,,,,,,3,,,,,4,,,,,,,,,,,,,3,3,,,,4,,,198,
747,E07000031,South Lakeland,,,,4,4,,,,,,,,6,,,,,4,5,,,,,,,,3,3,,,,3,,3,5,,,,,,3,3,3,5,,,,3,,,,,,3,4,3,3,,,,3,3,3,,4,,,,,3,,,,,,,,,,6,3,,3,,3,,7,3,,,5,,,4,,,,,,,392,
748,E07000032,Amber Valley,4,4,,,4,9,,,,5,,,6,,,,,,3,,4,3,,4,3,5,4,5,,4,,4,,5,,,8,7,,8,3,11,,4,,,,5,,,3,,,7,3,5,9,4,3,3,,,3,,,,3,,,,3,,3,,,,5,,6,8,,,7,9,,,6,,,4,,,,5,,,,3,,,576,
749,E07000033,Bolsover,,,,3,,5,,,,,,,7,,,,,3,,,,5,,,,5,,3,4,4,3,5,,,3,3,7,4,,,,,6,4,3,4,,5,,,3,,,5,,8,,,3,,,,,,,,,,,,,,,,3,,3,,,6,,,3,4,,,,,,,3,3,,,,,3,9,,,413,
750,E07000034,Chesterfield,,,,4,,4,,,,,,4,6,,,,,3,3,,4,,,,4,3,,3,,5,5,4,,3,5,4,6,3,,,,,3,4,5,4,,,,,,,,,5,11,5,,3,4,,4,,,,,3,,,,,,,,11,3,,,,5,,,4,6,,,,3,,3,4,3,,3,,,3,6,,,500,
751,E07000035,Derbyshire Dales,,,,,,,,,3,,,,4,,3,,,4,,,3,,,,,,3,,,7,,,,,3,,,,,5,,,,,,,,,,,,3,,3,4,,,,,3,,,,,,,,,,,,,,,,,,,,8,,,,,,,,,,,,,,3,,,,3,,,225,
752,E07000036,Erewash,,,,,,5,,,,,,4,5,,,,4,4,,,6,4,,,4,3,,5,,5,,3,,,3,4,4,,,6,,4,,9,5,,,6,4,,,3,,,5,7,7,,,6,,,,,,,,,,,,,3,,4,,3,,3,8,,,7,8,,,3,3,,5,3,3,4,8,,,,6,,,547,
753,E07000037,High Peak,,,,7,,4,,,,,,3,4,,,,,,,,3,,,,6,,3,3,3,,,7,,,,4,,7,,4,,7,,3,,,,3,4,,,,,6,,8,3,,4,3,5,,4,,,4,,4,,,,,5,,,,,,3,5,,,3,7,,,,3,,,,,,,,,3,3,,,409,
754,E07000038,North East Derbyshire,,,,,3,6,,,,,,,9,,,,,,,,4,,,,,,,4,3,,,4,,3,,,7,8,,,,,,5,,,,6,5,3,3,5,,4,3,7,4,,3,,6,5,4,,,,,,,,,,3,,7,,,,5,9,,,4,4,,,,,,,5,,,7,,,,5,,,404,
755,E07000039,South Derbyshire,,,,6,,9,,,,,,3,,,,,,6,3,,3,3,,,5,,,6,,9,,4,,4,,,,5,,,3,3,3,11,,3,,,5,,,3,,3,,8,10,,4,3,,,,,5,,,4,,,,,,,7,4,4,,4,13,,3,5,6,3,6,3,7,,3,3,3,7,3,,,,6,,,568,
756,E07000040,East Devon,,,,3,,7,,4,,,,,9,,3,4,,,3,,5,,,6,4,,,5,4,6,,7,,4,4,5,7,3,,7,3,9,,6,3,,,4,,,,6,,4,,9,7,,4,5,,4,4,4,3,,,,,,,,3,,7,,5,4,,20,3,,6,4,,4,5,5,,,4,,4,6,,3,3,,,,567,
757,E07000041,Exeter,,3,,,,4,,4,4,,,,5,,,3,,,,,5,,,3,,,,9,,7,3,5,5,,4,3,7,8,,6,,5,3,7,3,,,,,,,,,10,3,4,7,3,6,,,5,5,,3,,,,,3,,,6,,,4,,4,,12,,,4,,3,4,4,5,,5,,3,5,7,,,,3,,,565,
758,E07000042,Mid Devon,,,,,,3,,,,,,,6,,,3,,,,,,,,,,,,,3,3,,,,3,,,5,,,,,4,,5,,,,3,,,,3,,3,,8,,,,,,4,4,,,,,4,,,,,3,,,,,,,9,,,,8,,,,3,,,,,,,,,,6,,,340,
759,E07000043,North Devon,,,,,,11,,,,,,,,,,,,3,3,3,7,,,,,,,,,6,,3,,,,,5,5,,3,,,,6,,,,,3,,,,,3,5,4,5,,,,,,,,,,,,,,,,5,,6,,4,,,4,3,,4,7,,,,6,,,3,,5,5,,4,,,3,,422,
760,E07000044,South Hams,,,,3,,3,,,,,,,,,,,,,,,,,,,,,,6,,,,3,,,3,,,,,6,,3,,4,,,,,,,,5,3,,3,3,,,3,,,,,,3,4,,3,,,,,4,,,,,,,,,,3,,,,6,4,,,,,,4,4,,,,,,308,
761,E07000045,Teignbridge,4,,,5,,8,,,,,3,3,9,,,,7,6,5,,6,,4,,3,5,5,,,6,4,5,,4,,,7,10,3,10,,4,,4,,,,5,4,,,3,,4,7,8,5,,6,,,5,,,,4,,,,,3,,,,4,,,4,,9,,,9,8,,,6,,,,,5,,8,,,,4,3,,584,
762,E07000046,Torridge,,,,,,3,,,,,,,4,,,,,,3,,5,3,,,,3,,,3,7,,3,,3,,,,,,3,,3,3,,,,,,,,3,3,,,,4,3,,,5,,3,,,,,,,,,,,,,,,,,,4,,,3,4,,,3,,,,5,,3,5,,,,4,,,277,
763,E07000047,West Devon,,,,,,6,,,,,,,,,,,,,,,,,,,,,,,,4,,,,,,,,,,,,,,,,,,,,,,,,,,,3,,,,,,,,,,,,,,,,,,,,,,,5,,,,4,,,,,,,,,,,,,,4,,,199,
764,E07000061,Eastbourne,4,,,3,,10,,,,,,,7,,,3,,3,,,4,,,,,4,4,3,,5,,3,,,,3,,4,,4,,3,,,,4,,5,,,,,,7,4,5,,,,3,,4,,,,,,3,,,,,4,,,,3,,,10,,,,5,,,3,4,,,,,7,5,,,,3,,,479,
765,E07000062,Hastings,,3,,5,,4,,,,,,,11,,,,,,4,,,,,,,,,4,,5,,,,,4,5,6,5,,,,4,,9,4,4,,4,,,,,,,4,8,8,,,,,,,,,4,,,,,,,,,4,,,,,7,,,,6,,,5,4,,,,,,9,5,,,4,,,522,
766,E07000063,Lewes,,,,,,3,,,,,,,5,,,6,,,,,,,3,,3,3,,,,,3,5,,,,3,4,3,,5,,3,,10,,,,5,5,,,4,,4,9,,4,,4,,,,,,3,3,,,,,,,4,,,,4,,,9,,,4,5,,5,,,,,3,3,5,,4,,,7,,,418,
767,E07000064,Rother,,,,,,6,,,,,,,3,,3,3,,4,3,,3,,,3,,3,3,,3,3,,5,,,,,,5,3,6,3,,,4,,,,3,,,,,3,,,3,,,,,,4,,,,,,,,,,,4,,,,3,,,,,,5,,,4,3,,,3,,,,4,,3,,6,,,335,
768,E07000065,Wealden,,,,,,11,,,,,,4,9,,,5,3,7,6,,3,,,3,4,4,3,6,,6,3,4,,3,,3,7,7,3,,,3,,9,,,,,6,,3,3,,5,8,10,13,,5,4,,7,3,,4,5,,8,,,3,,6,,5,,6,4,,10,,,4,6,,,3,8,,,3,,3,6,3,,,7,3,,606,
769,E07000066,Basildon,4,,,7,,20,5,,3,5,6,3,18,,,7,,8,3,3,8,8,,,4,4,4,14,5,10,3,13,6,5,3,,,15,3,10,3,12,,7,,9,4,7,6,,,3,,15,8,13,9,4,15,7,,10,3,3,3,4,3,4,,,,,,4,5,6,8,3,7,22,,6,5,11,,,13,8,,10,9,,11,7,4,,4,14,,5,1168,
770,E07000067,Braintree,,,,3,,9,,,,,,,5,,3,5,6,7,6,3,8,5,,3,,3,4,6,3,5,5,7,,3,5,,7,6,,8,3,6,,6,,3,,11,6,,3,3,,5,4,13,8,,13,,,8,,,,,,7,,,,,6,,18,,6,3,3,17,3,5,8,11,4,,5,6,,7,7,,7,5,,,3,8,,4,804,
771,E07000068,Brentwood,,,,,,3,3,,,3,,,7,,,,,4,,3,,,,,,,,,,5,,5,,,3,3,,,,6,,,,,,,,,,,,4,,4,,7,,,3,,,,,,,,,,,,,,3,,4,,3,,,12,,6,4,,,3,3,,,,4,3,5,3,,,3,7,,,391,
772,E07000069,Castle Point,,,,,3,6,,,,,,3,6,,,,,5,,,,,,,,,,,,10,,3,,4,,3,,3,,3,,,,4,,4,,,,,,,,,3,7,5,,,,,3,,,,,,4,,,,,3,,3,,6,3,3,10,,,,3,,3,5,4,,,6,3,4,4,,,,,,,402,
773,E07000070,Chelmsford,,3,,8,4,12,,,,3,,,9,,3,4,5,6,7,5,8,,6,,7,,,5,,3,6,8,3,3,3,6,7,3,9,8,,10,5,9,3,4,4,,3,,,4,,14,5,11,9,4,13,5,5,8,3,,,5,,,,,,,5,3,9,4,6,3,3,22,,4,9,10,,3,6,5,,,12,12,10,8,3,6,3,7,8,,938,
774,E07000071,Colchester,,,,5,4,14,,,4,5,,,8,,,3,4,9,3,,3,,,,5,6,4,7,4,10,3,13,,3,4,,9,13,,15,,5,,10,,,,8,4,,,5,,10,9,11,9,4,6,3,5,8,4,4,,3,,3,4,,,,7,5,9,4,8,7,,8,4,6,8,9,4,11,14,4,,8,6,5,10,7,,5,3,6,,,1015,
775,E07000072,Epping Forest,,,,,,3,,,,,4,3,10,4,,,,3,4,3,3,,4,,3,3,,5,4,9,5,7,3,,,,3,3,3,6,,6,4,5,,,,5,3,,,3,,8,5,9,5,,4,3,,7,3,,,4,,,,,,,,4,11,4,4,,,10,,,4,4,,,6,4,,6,7,,6,9,4,,4,,3,3,757,
776,E07000073,Harlow,,,,5,,13,,,,3,,,7,,,,,,4,,,,,,,3,5,8,4,,,4,,,,,,,,,,,,4,3,,,3,,,,,,3,5,3,7,,4,,,,,3,,3,,5,,,,,,,9,,4,,4,7,,,,7,,,4,,,,10,7,5,5,,4,3,4,,,585,
777,E07000074,Maldon,,,,6,,7,,,,,,,,,,,,,,,,,,,,,,,3,,3,3,,,,,,3,,3,,6,,,,,,,,,,,,3,,,4,,3,,,,,,,,,,,,,,5,,,,,,,5,,,5,3,,4,6,,,,,,,4,,4,4,,,,279,
778,E07000075,Rochford,,,,3,3,4,,,,,,,5,3,,,,,4,,,,,,,,,3,4,3,4,5,,,,3,6,5,,4,,,,,,,,,4,,,3,,3,3,6,7,,5,,,7,,,,,,4,,,,,,,3,,,3,,3,,4,,8,,,4,,,,3,,,5,,3,,3,,,379,
779,E07000076,Tendring,,,,5,,14,,,,,,4,10,3,,5,3,,,,4,4,,,,,,4,3,9,,6,,,,,,13,,5,,6,,6,3,,,7,3,,,,,4,4,14,7,,6,,3,3,3,3,,5,,6,,,,,,,7,5,,3,,8,,,6,7,,,4,4,,4,3,,6,4,,5,5,9,,,668,
780,E07000077,Uttlesford,,,,3,,9,,,,,,,5,,,,,,,,,,,,,,,6,,9,,,,4,4,,3,,,12,,,,6,,,,,,,,4,,3,,6,6,,5,,,4,,3,,,,4,,,,,3,,8,3,3,,,8,,7,8,4,,,6,4,,3,,,3,,3,,,5,,,462,
781,E07000078,Cheltenham,3,,,4,,3,4,,3,,,,5,,4,,,4,6,,,3,,5,4,,3,,,3,4,6,,,,,4,5,,3,,3,,7,,,,3,,,,,,5,,3,,,3,,,9,3,,5,5,,3,,3,,,7,,5,,,3,,3,,3,3,,,3,3,3,,3,3,,4,3,,,4,,,,558,
782,E07000079,Cotswold,,,,,,11,,,,,,3,4,,,,4,,3,,3,,,,,3,5,,,4,,6,,,,6,3,5,,5,,3,3,4,,,,3,4,,,3,,3,,6,4,,3,,,4,,,,3,,,,,,,,,,,,4,,11,,,3,4,,,7,,,,,,3,,,,,4,,,373,
783,E07000080,Forest of Dean,,,,,,,,,,,,,5,,,,,4,,,3,,,,,3,,9,,5,,3,,,,,,3,,,,,,4,,,,,,,,,,,4,5,,,3,,,3,,,,,,,,,,,,,,,,3,,9,,,7,4,3,,4,6,,3,,,,5,,,,5,,,369,
784,E07000081,Gloucester,,,3,5,,6,,,3,,4,,8,,,5,,3,3,,7,3,,,5,3,,9,,5,7,9,,,3,4,7,4,3,3,3,6,,3,,,5,6,,,5,4,,6,6,8,5,,,4,,,3,,,,,,,,,,4,,6,4,4,,,6,,3,3,4,3,,4,12,,,5,6,3,4,5,,,,,,808,
785,E07000082,Stroud,,3,,,,3,,,,,,,3,,3,,,6,4,,4,3,,,,,,3,,,4,4,3,,3,3,,8,,5,,6,,3,,,,3,,,3,3,5,4,,6,5,4,7,3,5,7,,,3,,,,,,4,,4,,8,5,,4,,10,4,3,,9,,4,3,6,,,4,,,4,,3,,,,,508,
786,E07000083,Tewkesbury,,,,3,,8,,,5,,,,4,,,3,,5,,,,3,,4,,,,8,3,5,3,7,,3,,,5,4,3,11,,,,5,3,,,3,4,,,3,,11,3,3,3,,,,,7,3,,,,,,3,,,,3,,5,,3,,,11,,,3,7,,,5,,,3,,4,4,5,,,,3,,,499,
787,E07000084,Basingstoke and Deane,5,3,,10,3,10,5,,,4,6,,11,,,6,,6,9,,5,5,,,3,,3,9,5,5,,4,5,3,9,4,7,8,,13,,9,,10,,,6,6,3,,5,6,4,3,6,9,8,,7,3,,7,4,3,4,4,,4,,,,,4,5,9,5,10,,,14,4,5,3,13,4,3,5,8,,5,8,4,5,10,5,5,3,9,5,3,946,
788,E07000085,East Hampshire,,,,3,,5,9,,4,3,,3,3,,,,,6,4,,4,,,,3,,,7,3,5,,6,,,3,4,5,6,,,,8,,5,,,3,3,3,4,3,8,,3,3,6,7,,5,,,5,,,,,,5,,,,,7,,5,,,,3,11,,,4,8,,3,3,3,,,4,3,5,8,,,,,,,520,
789,E07000086,Eastleigh,,,,7,4,8,4,3,,,4,3,13,,4,3,,9,3,,7,,,,4,,5,3,5,8,4,4,,5,6,,6,6,,8,,4,3,8,,,,5,,4,7,4,,8,8,9,3,,10,4,3,8,,,3,3,,3,,,6,,6,4,4,6,3,,,9,3,4,14,7,,,11,,,4,4,6,7,9,3,6,3,9,,,724,
790,E07000087,Fareham,,4,,,,,,,5,,,3,,,,,,,4,3,,,,,,,3,6,,3,,4,4,,,3,3,3,,6,,5,,4,,,,,3,,,8,3,6,5,9,3,,7,,,7,6,,3,,,,,,,,4,,4,,,5,,11,,,5,9,4,,3,,,,4,,7,,3,5,,3,,,467,
791,E07000088,Gosport,,,,4,,8,,,,,,,4,,,4,,,,,5,,3,,3,3,,,,5,,3,,,,,3,6,,9,,,,,,,,4,,,3,,,,3,5,6,4,,,,4,5,,,6,,,,,,,,,,,,,,5,,,3,6,,,,3,,4,4,,5,4,,4,,,,,416,
792,E07000089,Hart,,3,,5,,8,,3,,,,,7,,,,,8,4,,6,,,,3,,3,4,,3,,7,,,,,8,9,,,,4,,,,,,4,5,,,5,,4,3,4,6,,6,,,3,,,3,3,,4,,,,,6,,5,,,5,,13,,3,6,,4,,,4,,,3,,8,8,,,,4,,,456,
793,E07000090,Havant,,,,,,12,,,,,3,,6,,,,,3,,,5,,,3,,3,,4,,9,,3,,,,,7,7,,7,,5,,,,3,,5,,,,5,,3,4,9,4,,5,,3,8,,,,5,,3,,,,,,,4,4,3,3,3,7,,5,4,6,3,,6,4,,,5,4,4,5,,,,4,,,571,
794,E07000091,New Forest,,,,6,3,11,,4,,3,,,10,,,,4,4,4,3,5,3,6,3,3,,,5,,6,5,10,,,5,7,6,4,,11,,8,,9,,,,5,4,4,5,5,,12,5,9,5,,7,4,,7,3,,5,4,,8,3,,4,,3,3,8,4,3,,,14,3,,10,7,,5,4,,,,,,6,10,4,,,5,,,716,
795,E07000092,Rushmoor,,,,7,,5,,,,,4,,8,,,3,,6,3,,6,3,3,3,,5,3,7,,7,6,5,,,3,3,11,6,,,,5,,,,,3,3,3,,,,,5,8,6,,,6,3,,11,4,,5,3,,,,,,,,3,4,,,,3,10,,,3,5,,,4,,,,,3,4,4,3,,3,5,,,650,
796,E07000093,Test Valley,,,,,,5,,,4,,4,,5,3,,,,6,4,,5,,,,3,4,,4,,5,6,7,,3,4,,7,5,,11,,,8,4,,,,5,6,,4,,3,3,,4,5,,5,,,5,,3,3,,,,,,9,,6,3,4,,3,4,,10,,3,5,7,,,6,5,,3,8,3,8,5,,,,5,,,586,
797,E07000094,Winchester,,,,5,3,7,,,,,,,4,3,,3,,5,3,,3,,3,,6,,5,7,,6,4,5,,,,,3,3,,9,3,5,,6,,4,,,3,,4,3,,,3,6,6,,6,,,6,,,3,,,,3,,4,,6,,4,3,,4,,8,,4,8,5,,5,,5,,,3,4,9,8,,,3,4,,,554,
798,E07000095,Broxbourne,,,,,,8,,,,,6,,9,5,,3,,4,3,,5,,3,3,,,,4,3,6,4,,3,,,5,3,3,,6,,,,,,,,,,,,,,9,3,6,6,,3,,,7,,,,,,,,3,,,,4,5,,,,,9,,,3,3,,,4,4,,3,4,,5,3,3,,3,,,,612,
799,E07000096,Dacorum,,3,,5,,10,5,,3,4,4,,13,,4,,4,11,8,3,3,,,3,,4,,7,3,8,4,7,5,4,6,4,6,10,,6,,,,6,3,,5,3,4,,3,,,9,,9,5,4,6,4,,7,,3,,4,,,,6,,,7,4,8,3,9,,,17,,3,6,8,,4,7,4,,4,7,3,7,,3,4,,8,,,894,
800,E07000098,Hertsmere,,,,4,,10,3,,5,,3,,7,,,,,5,3,,5,3,,,,3,,8,3,,3,5,,,,5,4,,,3,,,,6,,,,3,,,,,,9,5,6,3,,4,,,5,,3,,3,,,,,,,,8,5,,,,,7,,,6,,,,,5,,6,7,8,9,4,,,,3,,,590,
801,E07000099,North Hertfordshire,4,,,9,,11,3,,,,,,12,,,4,3,11,4,,10,,3,3,,4,4,8,,5,4,8,,,5,5,4,7,4,5,,3,,6,,,,5,,,,,5,10,4,9,4,,5,,,9,4,,3,,,,3,,3,,,,4,5,3,,,12,,5,9,4,,,5,,3,,3,3,5,3,,,3,3,3,6,719,
802,E07000102,Three Rivers,,,,,4,4,,,,4,4,,4,3,,,,7,3,4,5,,,,,,3,4,,5,4,4,,,,,,3,,,,,,4,,,,,4,,,3,,5,3,4,,3,6,,,5,,,4,,,,,,,,,4,4,4,,3,,11,,,3,3,,,3,6,,3,7,5,5,7,,,,4,,,500,
803,E07000103,Watford,,,,,,15,,,,,,,6,,,3,,3,,,,,,,,,3,3,,3,4,3,6,,,4,3,,,5,,3,,5,,,,,,,3,,,3,3,8,,3,4,,,,,,,,4,,,5,,,,,6,,,,,6,,3,,3,,,4,4,,,4,6,7,5,,,,,,,654,
804,E07000105,Ashford,3,,,4,,7,5,,,,,4,8,,4,,4,5,3,,4,3,,,3,,3,5,,5,3,7,,,,,7,7,,7,,4,,9,3,,,4,,,4,4,,7,8,7,10,,,3,3,6,5,4,,3,,6,,,,,11,3,7,,5,4,3,10,,,,5,,,7,3,3,4,5,5,5,4,,4,4,5,4,,727,
805,E07000106,Canterbury,,,,,,5,,,,,,,9,,,,3,5,,,7,,5,,4,,,5,,9,4,7,3,4,,7,4,,,5,,4,3,12,,,,4,3,,,,,6,4,11,9,,4,4,,5,3,,,4,,,4,,,,6,,7,3,4,3,,17,5,,3,4,,3,4,3,,4,,3,4,3,,,5,7,,,653,
806,E07000107,Dartford,4,,,5,,11,,,7,,,,10,,,4,,3,6,,5,,,,,4,3,7,4,6,,6,,,,3,3,5,,5,,4,,3,,,3,8,,,,,,9,3,7,8,,4,3,,7,,,,,,,,,,,,4,7,5,4,,5,13,,5,6,6,3,4,6,,,4,10,4,8,9,3,,4,,,,784,
807,E07000108,Dover,,,,3,3,7,,,,,,3,3,,,,3,9,3,,5,4,,,,,5,4,4,3,4,,,,3,,3,3,,5,,3,,5,,,,,,,,3,,6,4,9,8,,,3,,6,,3,,,,7,,,,,,,7,,,,3,5,,,6,5,,,7,,,,3,,3,6,,3,,5,,,505,
808,E07000109,Gravesham,3,,3,,,7,,,,,,,,,,3,,,,,3,,,,,3,,,,7,4,,,,,,5,4,,6,,,,6,,,,3,,3,3,3,,4,,6,4,,4,,,,,,,3,,,,,,,,4,9,3,4,3,,8,,,5,4,,,,,,,,3,3,4,,,,,,,642,
809,E07000110,Maidstone,4,4,,8,4,19,,,7,,,,14,,,7,3,8,4,,8,,,,4,5,,9,,6,4,10,4,3,4,4,6,8,4,12,,4,3,8,3,4,3,12,5,,,6,3,9,5,7,7,4,7,3,,7,,,5,6,,5,,,,,4,5,10,4,5,4,6,18,,5,8,9,,6,9,4,,3,8,8,14,4,,5,4,9,3,,1037,
810,E07000111,Sevenoaks,,,,,5,4,5,,,3,3,,3,,,,,9,5,,8,,,,,,3,5,,8,,4,5,,4,3,,8,,8,,4,,6,,,4,,5,,,8,3,4,4,13,4,5,4,,3,4,5,,,4,3,,,,,,4,,,3,,,3,9,,4,6,7,5,3,3,3,,,3,,10,5,,,3,5,,,596,
811,E07000112,Folkestone and Hythe,,,,4,,7,,,3,,4,,5,,,3,,,6,3,,,,,,3,3,,3,,,6,,,,,,3,3,4,,3,,4,,3,,,,,,3,,5,,6,3,,3,,,3,,3,,,,4,,,,,3,,8,,,,,7,,,4,9,,5,4,,,,,,4,3,,3,,3,,,473,
812,E07000113,Swale,,,,,,17,,,3,,3,,6,,,3,,6,4,,7,,6,3,,,4,4,3,8,4,5,,3,4,,7,3,4,7,,4,,10,,,,8,,,,3,,5,5,13,9,,7,,,11,3,,,4,3,4,,,,,5,,8,,4,,3,17,4,,7,16,3,4,9,4,,6,5,3,6,7,6,6,3,7,,,803,
813,E07000114,Thanet,,,,8,,11,,,,,3,,9,,,3,6,5,3,,7,4,4,3,3,,,5,3,6,3,7,,,3,4,5,,,9,,,,,,,,3,3,,,4,,7,,,6,,,,3,4,3,5,6,3,,,,,,,,,9,4,3,,3,13,,3,4,4,,,3,6,,6,5,5,5,,,,,4,,,721,
814,E07000115,Tonbridge and Malling,,,,3,,4,,,,5,3,5,4,,3,,,5,4,,5,4,,,,3,3,10,7,9,3,14,3,,,4,5,10,3,9,,6,,7,,,,6,,,3,5,,7,5,10,10,,7,,,6,,6,,6,,4,3,3,,,3,,5,,3,4,,14,3,,5,9,,,4,4,,3,9,,10,,,,,6,,,683,
815,E07000116,Tunbridge Wells,,,,4,,6,,,4,,,,5,,4,3,3,7,,4,3,,,4,,,,3,,4,5,8,,,3,,4,6,,7,3,4,,,,,,,,,,3,,,6,5,,,4,,,4,6,,,,,,4,4,,,3,3,5,,,,3,11,,4,,3,3,,,3,,5,,5,,8,,,,,,,563,
816,E07000117,Burnley,,,,3,,6,,,,,,,9,,,,,4,,,3,,,,,7,,,,4,3,,,,,4,,5,,4,3,3,,,,3,3,3,,,,,,3,,7,,,3,,,,,7,,,,,,,,,3,,,,,,,10,,,3,4,,,5,3,,3,,,6,,,,5,3,,,539,
817,E07000118,Chorley,,4,,9,,13,,,,,4,,6,,,5,,8,,,3,3,,,4,3,4,7,,,4,7,,3,3,,3,8,,11,,6,5,7,,,,8,4,6,,,,4,,10,4,,3,6,4,3,3,,4,,,,,,,,4,,7,4,3,,,10,,3,4,5,3,,6,4,,,5,3,8,3,,,6,5,5,,548,
818,E07000119,Fylde,,,,,,,,,,,,,5,,,,,4,3,,3,,,,,,,3,,4,3,4,,,7,,,3,,3,,,,,,,,,3,,,,,,,3,3,,,,,8,,,4,,,,,,,,4,,3,,,3,,7,,5,3,5,,,3,4,,4,,,4,5,,,,,,,295,
819,E07000120,Hyndburn,,,3,4,,9,,,,,,,9,,,,,3,,,6,,,,,6,,3,,4,,6,,,4,,,5,,,,6,,,,,,3,,,,,,,,6,3,,,,,,8,,,,,,,,,,3,,,,4,,4,3,,4,3,,,,,,,4,,,3,,,,,,,,465,
820,E07000121,Lancaster,,7,,,3,8,3,,,,3,4,6,,,,,4,,,,,,,,5,,7,3,4,,11,4,,,3,,10,4,8,,6,,4,3,4,,7,,4,4,,,10,,6,3,,4,,3,10,6,3,,3,,3,,4,,,,,11,4,3,3,6,9,,3,4,6,,3,4,6,,3,,,12,3,,,,7,3,,690,
821,E07000122,Pendle,,,,3,,6,,,,,,,,,,,,,3,,,,,,,5,,4,,4,,7,,5,,,,,,3,,,,,,,4,,3,,,,,3,,5,,,3,,,4,,,,,,,,,4,,4,,,,4,,,5,,,7,,,3,,5,,,,,4,4,,,3,3,,,572,
822,E07000123,Preston,,,5,,,18,,,,,,3,13,,3,3,,4,6,,,,3,,,7,4,4,5,,3,8,,,3,3,,,3,4,,5,3,7,3,3,,9,4,5,3,,,7,,5,4,3,4,5,,,3,,,,,3,,,,9,4,,4,,3,,5,5,,,5,9,,,4,3,,7,3,5,3,6,,5,,3,3,,842,
823,E07000124,Ribble Valley,,,,,,3,,,,,,,6,,,,,5,,,,,,,,,,,,6,3,,,,,,4,,,,,,3,3,,,,,3,,,,,6,4,3,,,,,,,,,,,,,,,,,,,,,3,,,4,,,,,,3,,,,,,,3,3,,,,,,,229,
824,E07000125,Rossendale,,,,,,4,,,,,,,,,,,,3,,,4,,,,,3,,,,,3,5,,,,,5,6,,,,3,,4,,3,,,,,3,,3,3,,,5,,4,,,3,,4,,,,,,,4,,,4,3,,,,,7,,,,,,,3,,,,3,,4,,,,3,3,,,354,
825,E07000126,South Ribble,,,,4,,5,,,5,,,3,8,,,,,8,,,,,,,,3,5,3,3,4,4,9,5,,,,4,6,,5,3,5,5,6,,4,,7,6,3,,4,,,4,9,4,,8,,3,3,,3,,,,3,,,,,7,,3,,,4,,11,,,9,4,,3,,,,,7,3,6,5,,4,,4,,,521,
826,E07000127,West Lancashire,,,,,3,3,,,,,,,3,,6,,,5,,,4,,3,,,,,4,4,,4,5,,4,6,3,,4,,5,,,,8,,,,6,,,4,,,4,3,5,4,,3,,,6,3,,5,,,,,,,,,3,4,,,,4,9,,4,4,,,,6,,,4,3,,4,5,,,,,,,489,
827,E07000128,Wyre,,,,3,,4,,,,,,,4,,,,5,3,,,5,,,,,,,,,7,4,4,,,3,,4,,,4,,4,,3,3,,,,,,,,,4,4,10,,,3,,,9,6,,,,,,,,,,4,,6,,4,,,7,,4,,5,,,4,,,3,,,,6,,,,3,,,434,
828,E07000129,Blaby,,,,,,4,,,,,8,,5,,,,,7,3,,,4,,4,,3,,3,3,6,4,4,,,4,4,8,5,,6,,4,,3,,,,4,,,,,,3,,5,3,,4,,,5,,,3,,,,,,,,,3,6,4,,,3,6,3,,6,7,,,6,,,,5,4,,,,,3,6,,,530,
829,E07000130,Charnwood,,,,5,,6,,,,4,9,5,11,,,,,6,5,6,6,,,3,3,4,,10,3,10,,13,,,3,6,10,8,,7,,6,,6,,,4,5,3,,4,3,,5,6,12,6,3,3,3,,10,5,,4,,,,,3,4,,5,3,6,,5,,4,11,,3,,6,,,9,5,,6,5,4,6,3,,5,7,8,3,,893,
830,E07000131,Harborough,,,,,4,5,,,,,3,4,,,,,,6,,,,,,,,,,,,3,,,,,,3,3,6,,5,,,,,3,,,3,3,,3,4,,3,3,5,3,,4,,,,5,3,,,,,,,,,8,,3,,,5,,6,,,,3,,3,4,3,,,6,,5,4,,,,3,,,414,
831,E07000132,Hinckley and Bosworth,,,,3,,13,4,,,,3,,7,,,,,3,3,,,,,,3,,3,5,,5,,3,,3,6,,4,5,,5,,4,,,,,,3,4,,,3,,5,5,4,,,8,,,5,,,,,,,,,,,,,3,,,,3,7,,4,7,7,,4,,5,,,6,4,8,3,,3,,4,,,494,
832,E07000133,Melton,,,,,,7,,,,,,,,,,,,,,,3,,,,,,,3,,4,,3,,,,,,,,3,,3,,5,,,,,,,,4,,,,,3,,,,,,3,,,,,,,,,,,,,,,,,5,3,3,4,4,,,,,,,3,,4,3,,,,,,,224,
833,E07000134,North West Leicestershire,,3,,3,,6,,,,,,,6,,,,,,3,,,,,3,3,3,4,3,,,,5,,4,,4,7,3,,4,,4,,7,,,,7,4,,6,,,3,3,7,5,,,,,3,3,,,3,,5,,,3,,4,,3,,,,3,16,,6,,4,,,,3,,4,4,,3,3,,,3,7,,,484,
834,E07000135,Oadby and Wigston,,,,,3,4,,,,,,,,,,,,,,,,,,,,,,,,,,,,3,,,,,,,,,,,,,,,,,,,,,,,,,,,,,,,,3,,,,,,,,,,,,,,4,,,,4,,,,,,,4,3,,,,,,,,,250,
835,E07000136,Boston,,,,3,,13,,,,,,,,,,,,,,,,,,,,,,,,,,3,,,,,,,,4,,,,,,,,,,,,,,,,4,,,,4,,,,,,,,,,3,,,,,4,,3,,,9,,,,,,,,5,,,,,,3,,,,,,,358,
836,E07000137,East Lindsey,,,,4,4,3,,,,,,,6,,,3,,,3,,4,3,,4,,,5,6,4,,3,6,,4,5,6,5,8,,3,,,3,,3,,,5,5,,,,,6,5,5,5,,,,,6,,,,,,,,,,,3,,8,,3,3,4,7,,,4,6,,3,,,,,4,,5,6,3,,,3,,,549,
837,E07000138,Lincoln,,,,3,,4,,,,,,,4,,,3,,5,,,7,,,,4,,,5,,6,4,,3,,,6,3,6,,,,,,6,,5,,5,,,,,,4,4,,3,,3,,4,6,,4,,4,,,3,,,,,,3,3,,,3,,3,,3,9,,,6,,,,6,3,3,,,,4,3,,,515,
838,E07000139,North Kesteven,,3,,3,,11,,,,3,,,9,,,,,6,3,,8,,,3,4,4,4,9,3,5,8,10,,4,,,3,5,,8,,3,3,5,4,,,4,3,3,5,,,8,3,12,7,,5,,4,9,,,3,,,,3,,3,,,,5,,,3,4,11,,3,5,,,,3,,,,3,,3,,,,,4,3,,521,
839,E07000140,South Holland,,,,3,,7,,,,,,,,,,,,,,,8,,,,,,,,3,,4,6,,,,,,3,,4,3,,,3,,,,3,3,,,3,,,3,3,4,,5,,,,,,,,,,,,,,,,3,,3,3,,9,,,5,,,,,,,3,3,,,3,,,,,,,429,
840,E07000141,South Kesteven,,4,,8,,8,,,,3,,3,4,,,,,7,,,4,4,6,,,,4,7,,5,,10,,3,3,6,5,3,,5,,,,9,,,,5,3,,3,,3,8,,10,3,,4,,3,3,,3,3,4,,3,,,,,6,3,3,3,,,3,9,,3,,8,,3,8,6,,,,3,4,,,,,6,3,,571,
841,E07000142,West Lindsey,,,,,,6,,,,,,3,8,,,,,5,,,,,,3,3,,,3,5,6,,3,,5,,3,3,,3,5,,4,,3,,3,,6,,,,3,,4,9,,6,,,,,,,3,,,,4,,,,,5,,4,,,,3,9,,,4,7,,3,,,,,,,,3,,,,3,,,419,
842,E07000143,Breckland,,4,,,,9,,,4,,,,6,,,,,4,,,7,,5,,,5,3,4,,4,3,4,4,3,5,,3,3,,6,,4,,11,,,,4,,,,3,,6,6,10,4,,,4,,,,,,,3,,,,3,,6,,12,3,5,,3,17,,,3,7,,,5,8,,5,4,,4,4,,3,,7,,3,662,
843,E07000144,Broadland,,,,8,,5,,,,,,,11,,,3,,6,5,,7,,4,3,,6,,3,3,9,,4,,4,4,,5,6,,3,,3,,11,,,,,3,,3,3,,,5,7,3,,5,,,6,4,,,,,,,,,,4,,5,,3,7,,10,,,9,8,3,,3,5,,,7,,8,8,,,3,5,,,554,
844,E07000145,Great Yarmouth,,,,,,7,,,,,,3,4,,,,,3,,,4,4,3,,,,,6,,,,,,,,,4,,,5,,4,,,,,,3,,,,,,7,,6,,,3,,,5,,,3,,3,,,3,,,,,,5,4,,,5,,,5,5,,,6,4,,3,4,3,7,,4,,,6,,,495,
845,E07000146,King's Lynn and West Norfolk,,,,7,,5,,3,,,,,4,,,4,4,,3,,5,3,4,,3,,,6,,10,6,9,,3,,4,5,6,,,,3,,7,3,,,4,,,3,,,4,5,9,7,,,,,6,,,,,,4,,,3,,7,3,5,,,,,13,,,6,3,4,,7,4,,4,,,,8,,4,3,10,,,682,
846,E07000147,North Norfolk,,,,,,4,,,,,,,,,,4,,4,,,4,3,,,,,,3,,,,4,,,,3,5,6,,6,,4,,4,,,,,,,,3,,,,5,6,,,,,4,4,3,,,,,,,,,,,,,,,,5,,,6,,,,,,,,,,3,,,3,,4,,,341,
847,E07000148,Norwich,,,,3,,11,,3,,,4,,10,4,,3,,3,5,,4,5,3,,,,,5,,5,,4,,,6,4,9,5,,4,,5,,8,,,6,4,5,,,4,3,,,4,9,,8,,,6,6,,,,,,,,,,4,3,8,4,3,,3,7,,,5,7,,5,8,5,,,,,10,4,5,,,5,,,765,
848,E07000149,South Norfolk,,4,,6,,7,,4,,,5,,6,,3,5,,4,,,4,,,,,,,7,,,4,9,,5,7,,7,6,,9,,3,,7,,3,,,4,3,,,,11,8,14,7,,3,,,6,,,,,,,,,4,,5,,10,,,3,,10,,3,4,5,3,5,4,5,,5,3,6,4,6,,,,8,,,606,
849,E07000150,Corby,,,,4,,7,3,,,,,,3,,,,,4,,,3,,,3,,,,4,,4,5,4,,,4,,,5,,3,,,,,,,,3,3,,,,,,4,,,3,7,3,,,,,,,,,,,,,,3,7,,4,,,4,,4,4,5,,,3,,,,,5,8,3,,,,6,,,449,
850,E07000151,Daventry,,,,5,4,5,4,,3,3,4,,,,,3,,4,,,4,,,3,,,,5,,9,4,3,,3,3,5,3,5,,8,,,4,,,,,5,,,,3,,7,,3,4,,3,,,,,,,4,,5,,,,,4,,4,,,4,,12,,,,,,,,4,,,,3,5,6,,,4,,,,461,
851,E07000152,East Northamptonshire,,,,,,6,,,,,,,,,,,,6,,3,4,,,,,,,4,,5,,3,,,,,10,4,,,,,,6,,,,7,,,,4,,,,9,3,,9,3,,5,3,3,3,4,,,,,,,3,,8,,3,,,6,,,5,5,,,,,,5,,,6,3,,,3,,,,453,
852,E07000153,Kettering,,,,5,,9,3,,,,,,7,,,,3,,4,,3,3,,,,,,5,,9,,,,,5,,8,,,5,,5,,6,,3,3,7,,,,,,8,6,3,4,,4,3,,3,,,,,,3,,,,,3,,6,7,,3,,9,,,3,,,3,,3,,5,5,,,5,,,,4,,,556,
853,E07000154,Northampton,4,,,5,,29,,,,4,7,6,4,,4,6,3,7,7,3,8,3,3,,,3,8,11,5,6,5,10,5,5,5,7,9,8,,10,,8,,11,4,,3,13,5,,4,3,4,11,6,5,6,,10,4,3,12,3,,3,,,3,,7,,,3,7,17,3,4,6,3,21,3,5,8,12,,5,,,5,7,5,11,12,13,,3,,3,3,,1500,
854,E07000155,South Northamptonshire,,,,3,,4,,,3,,,,6,,,,,5,4,3,5,,,,,,,3,3,3,,7,3,,,4,,3,,7,,4,3,,,,,,,,,,,7,4,7,,,7,3,3,6,,,3,,,,,,,,,3,,,,3,,9,,,6,3,3,,3,,,,5,,3,5,,,,,,,431,
855,E07000156,Wellingborough,,,,4,,6,4,,,,3,,8,,,,,,,,,,,,,,4,6,3,,,5,4,,,3,,,,6,,,,,,,,4,3,,,,,4,4,5,,,,,,3,,,,,,,,3,,,,,8,4,,,,5,,,3,,,,,,,,3,,,,4,,,,,,448,
856,E07000163,Craven,,,,4,,,,,,,,,,,,,,,,,,,,3,,,,,,,3,6,,,,,5,,,4,,,,3,,,,,,,,,,4,,,,,,,,3,3,,,,,,,,,,3,,3,,,,,9,,3,3,4,,,,,,,,,,,,,,,,,239,
857,E07000164,Hambleton,,4,,6,3,6,,,,,,,6,,,,,3,,,5,,,4,4,4,,,,3,,8,,,,3,7,,,4,,,,4,,,3,,,,,3,,,,7,5,,,,,8,,,3,,,6,,,,,,,,,,,4,10,,3,,3,,,,3,,4,,,,,,,,,,,338,
858,E07000165,Harrogate,,5,,6,3,9,3,,9,,,,8,,4,,5,8,5,3,5,,4,4,5,3,,3,,10,4,7,,5,3,8,8,5,,6,,5,,12,,3,4,,,3,4,4,,7,,5,5,,7,,4,5,,,3,4,,5,3,,4,,10,,5,,,3,,6,4,,5,4,4,4,3,4,,3,,6,3,8,,,3,5,,,658,
859,E07000166,Richmondshire,,3,,,,,,,,,,,,,3,,,6,,,3,,,,,,,,,,3,,,,4,,,,,,,3,,,,,,,,,,,,,3,,,,,,,3,3,,4,,,,,,,,,,,,3,,,5,,,,,,,,,,,,,,,,,,,,,232,
860,E07000167,Ryedale,,,,,,,,,,,,,,,,,,3,,,,,,3,,3,3,3,,3,,3,,,,,,,,,,3,,4,,,3,,,,,,,,,,,,,,,,,,,,,,,,4,,3,,,,,,,5,,,6,,,,,,,,,,,,,,,5,,,218,
861,E07000168,Scarborough,,,,7,,6,,,,,,,3,,,,,5,5,,5,,,,,,,3,3,6,,6,,,,,,3,,5,,,,,,,,7,,,,3,,8,5,8,,,5,,4,3,,,3,,,4,,,,,6,,3,,,,3,5,,,3,7,3,,4,,,3,,,5,,,,,4,,,442,
862,E07000169,Selby,,3,,3,,5,,,,,,,4,,,,,12,3,,6,,,,5,6,,6,,,3,3,,,,,6,4,,,,4,,3,,,,,,3,3,,3,4,,7,,3,3,5,,6,,,3,,,,,,,,4,,,,,5,,9,,4,,3,,,,,,5,6,,4,6,,,3,,,,419,
863,E07000170,Ashfield,,3,,3,,11,4,3,,,3,,13,,,,,,,,4,,,,,3,,5,,5,,4,,3,4,3,6,6,3,3,,4,,5,4,,,9,,,,3,,5,5,4,5,3,6,7,3,,4,8,,3,,,,,,,3,4,6,,3,,4,13,,,4,5,,,7,,,,,3,,6,,5,,8,,,619,
864,E07000171,Bassetlaw,,3,,4,3,7,,,5,,4,,6,,,4,,7,4,,,,,,4,,5,,,7,,5,,,,,5,5,,3,,5,,3,,,,6,,3,4,4,,4,3,4,3,,3,,6,,4,,3,,,,,,,,,,,,,,3,7,,3,,5,,,6,7,,8,5,3,,4,,,,5,,,568,
865,E07000172,Broxtowe,5,,,3,,5,,,,,,,5,,,,,,,4,,,,,5,4,,4,,4,3,9,4,,,3,4,,,7,,3,3,,,,,,,,,5,,,,8,4,,7,,3,10,3,,,,,4,,,,,8,,4,3,,,,17,,,4,,4,4,3,5,,,4,4,4,9,3,,,4,,3,547,
866,E07000173,Gedling,,,,4,,,,,3,,,,5,,,,,3,5,,5,,,,,,,8,,6,3,8,,6,4,7,,4,,5,,3,,7,3,3,,8,4,3,,,,5,,6,8,,,,,,,,,,,,,,,,5,,5,3,3,,3,15,,5,6,8,,,3,,,,,4,5,7,3,,,3,,,531,
867,E07000174,Mansfield,,,,4,,13,3,,,,,3,6,,,,3,,,,5,,,,,,3,3,3,,3,5,,3,,5,4,,,,,3,3,6,,,,7,5,,,,,6,4,6,,,,,4,,,,,,,,,,,,,,11,,5,,,7,,,3,6,,,,,,,3,,6,,,,4,5,,,551,
868,E07000175,Newark and Sherwood,,4,,6,3,5,,,,,,,3,,,,,7,,3,4,,3,,3,5,,6,,7,3,5,,,,,3,3,,4,,5,3,3,4,,,6,6,3,,7,,,,5,4,,3,3,3,3,,,4,,,,,,4,,6,,5,,3,,,6,,4,3,4,,,7,,,3,,,,3,,,5,3,,,559,
869,E07000176,Rushcliffe,,4,,5,,3,3,,3,,,,4,,,3,,7,3,,8,,,3,4,,,,,5,,6,,3,3,3,7,3,,7,,,,10,3,,,,,,,4,3,4,,6,4,,4,,,4,,,3,6,,3,4,,,,5,,,,4,,,7,,3,9,6,,,,5,,,3,,3,5,,,,4,,,502,
870,E07000177,Cherwell,,3,,5,,12,3,,6,,,,12,,,3,,7,3,,9,3,5,,,4,,,,5,9,8,,,,,7,6,,10,,4,3,6,,,,7,8,,3,3,,13,5,5,10,,6,6,,3,,,3,4,,,,,5,,3,,10,,4,3,,6,5,,6,7,,,5,4,4,,9,3,8,7,,3,3,6,3,,808,
871,E07000178,Oxford,,4,5,4,,14,,5,,,3,,6,,,,,5,,5,,4,,,7,,5,,,,3,8,,,,,3,,,3,,4,,6,,,5,5,4,,3,,,9,5,4,4,,,,,6,,,,4,,,,3,,3,3,5,4,,3,,,6,3,,,,,4,3,4,,,3,6,5,3,,6,,,,,810,
872,E07000179,South Oxfordshire,,,,7,,5,,5,3,3,,,,,,6,,8,3,,3,,4,3,,3,6,5,,5,10,7,4,,4,,3,7,4,11,,5,3,7,,3,,4,6,3,,6,,5,,11,6,,4,,,,6,,,4,,,3,,,,5,,5,3,,3,5,15,,,11,4,5,4,,7,,,,7,5,7,3,3,3,,,3,667,
873,E07000180,Vale of White Horse,,3,,7,,3,3,4,,,4,,3,,5,5,,9,7,,4,,,3,,3,,3,,5,7,6,,5,5,3,8,10,,5,3,6,3,4,,,,3,5,4,,5,,10,3,6,4,3,3,,,4,,3,4,,,,,,,,4,,7,4,6,3,,13,3,,5,9,,,6,,,5,,6,7,3,,,,6,,,704,
874,E07000181,West Oxfordshire,,,,5,,4,,,,,,,5,,6,,,3,3,,3,,3,,5,5,4,4,,3,,10,4,,,,4,4,,12,,7,3,7,3,,,3,4,,,5,3,7,5,5,5,,6,,,4,3,,,,,,,,,,10,,3,,,,,10,5,,6,5,4,,5,,,4,3,,,10,,,,5,,,507,
875,E07000187,Mendip,,4,,3,,4,,,,,4,,3,,,,4,5,4,,,,,,,,3,7,,6,5,7,,,3,,6,8,,8,,,,3,3,,,,,3,,8,3,6,4,6,3,,5,,,5,3,5,,6,,4,3,,,,4,3,,3,3,,,8,,,3,7,4,,3,9,,,3,,5,,,4,3,3,,,562,
876,E07000188,Sedgemoor,,4,,3,,7,,,3,,,,,,,4,4,3,,,5,,,,,,,6,,6,6,5,,,,,3,3,,9,,4,,,,,,6,3,,3,,,4,7,3,5,,,5,,3,,,,4,,5,,,4,,3,,,3,5,,,7,,,6,,,,5,,,3,3,,,,,,3,5,,,516,
877,E07000189,South Somerset,3,,,7,,14,5,4,,,5,,12,3,,,4,8,,,9,5,,,5,3,,16,,8,4,6,,,3,3,10,6,,7,,5,,5,,3,,6,4,,6,3,,10,8,6,4,3,4,,,5,,,4,3,,8,,3,,,8,,8,,7,3,,13,,,3,11,4,4,6,6,,3,,4,6,7,3,,7,9,,,790,
878,E07000192,Cannock Chase,,,,3,,5,,,3,,3,,6,,,,4,5,,,8,,,,4,,,4,,5,,3,,6,7,,3,9,,9,,6,7,8,,,,6,,,4,,,4,,3,4,,3,,3,5,,,,,,3,3,,,,,,7,3,4,3,3,10,,3,5,6,,,4,3,,,6,,3,3,,,,,,3,507,
879,E07000193,East Staffordshire,,3,,,,9,,,,3,3,,4,,3,,,7,,,,,,,,,,4,,3,5,10,,,5,,7,5,,,4,3,,3,,,3,4,4,,3,4,,8,4,5,3,,3,,,4,,,3,,,,,,,,4,,8,,3,,7,7,,,,5,,,,,,,,8,5,,,,,6,3,,635,
880,E07000194,Lichfield,,,,5,,4,,,,,,,5,,,,3,4,,,4,,,,,,,,,,,9,,3,,,3,4,,4,,4,,5,,,,4,6,,6,,,,,7,6,,,3,3,3,,4,,,,5,,,,,,,10,,4,,,12,,,4,3,,,,3,,,3,4,,3,,,,4,,,435,
881,E07000195,Newcastle-under-Lyme,,,,7,,8,,,3,,,,7,,,,4,3,,,5,3,3,,5,,,7,,6,,5,,,3,3,,6,,7,,9,,7,,,,4,,,3,,,7,,5,8,,3,6,,7,3,4,4,3,,,,,,,3,,,,4,4,,17,,3,8,5,,,6,,,,6,3,3,,,,,3,,,580,
882,E07000196,South Staffordshire,,,,3,,6,,,,,,,8,,6,,,3,3,,8,,,3,,,,3,,4,,5,,,,3,3,4,,,,4,,6,4,,,4,,,,4,,,5,10,6,,3,3,,6,,3,,,,3,,,,,3,3,5,,,4,6,4,,,4,4,,4,,7,,,6,,8,5,,,,6,,,469,
883,E07000197,Stafford,3,4,,5,,,,,,,6,,12,,,,3,,,3,5,,,,,3,3,4,4,5,,4,,,4,5,9,7,,8,,6,4,9,3,,,6,,,6,3,,,4,8,5,,3,,3,,,,,,,,,,,,4,,4,,3,5,,18,,6,9,9,,5,4,4,,3,3,4,3,8,,6,3,5,,,641,
884,E07000198,Staffordshire Moorlands,,4,,5,,,,,,,,,10,,,,,3,,,9,,,,,,,9,,3,,,,,,,7,,,6,,4,,5,,,,,4,,,3,,4,5,8,,,,,,,,,,,,,,,,,,,,3,,,3,7,4,3,5,,,,5,,,,3,,3,3,,,,7,,,415,
885,E07000199,Tamworth,,,,4,,8,,,,,,,4,,,3,,5,,,4,,,,,,,7,5,5,,5,,,,,5,7,,3,,6,,6,,,,3,,,,,,7,6,,3,,,,,6,3,3,4,,,3,,,,,,4,4,,5,,,7,,,,,,,3,4,,6,,4,3,,,,,8,,,444,
886,E07000200,Babergh,,,,4,,6,,,,,,,4,,,,3,5,3,,10,,,,,,,4,,6,,4,,,,,4,3,3,5,,,,,,,,6,,,,,,,4,,3,3,,3,,,3,,,,,5,,,,,,,,,,,,4,,5,4,,3,,5,,,,5,,,,,5,,4,,,338,
887,E07000202,Ipswich,,,,,,14,,,,,4,6,8,,,3,,5,,,4,,,,5,,,9,,4,6,12,,4,4,5,3,8,,7,,3,,4,4,,,7,,,4,4,3,6,6,8,8,,3,,,11,5,,,8,,3,,6,3,,6,3,9,3,5,6,3,9,,3,6,,,7,7,6,4,5,3,6,4,3,,,,5,,,856,
888,E07000203,Mid Suffolk,,,,4,,6,,,,,,,,,,,,3,5,,,,3,,,6,,4,,4,4,3,,3,,,,3,,9,,3,,4,,,,6,,,,,,,,6,5,,,,,,,3,,3,,,,,,,,,4,,3,4,,10,3,4,3,5,,4,,,,4,5,,5,,,3,,6,,,421,
889,E07000207,Elmbridge,,,,3,,8,4,,,3,,,13,,4,,3,11,4,,,,,,7,3,4,5,,7,4,12,4,4,3,4,,3,,3,,8,4,7,3,,,,,,4,3,,9,4,7,7,,9,,,17,,,3,3,3,,,,,,6,4,8,,,7,3,13,4,3,8,9,,3,5,5,,6,8,4,14,8,,,,3,,3,763,
890,E07000208,Epsom and Ewell,,,,3,,6,,,,,,,5,3,,,,,6,3,,,,,,3,,5,,,3,5,4,4,,,3,,,4,,5,,4,,,,,,,,,,7,,4,,,5,,,3,3,,4,,,3,,,,,,5,,,,,3,6,,,,4,,,,3,,,,6,3,5,,4,,,,,439,
891,E07000209,Guildford,,,,6,,5,4,,4,4,5,,8,,,,,3,3,,,,,,6,3,3,6,4,3,4,9,3,,6,,5,8,,8,5,5,3,,,,,,,,,10,,6,11,6,4,3,4,,,7,,3,,,,5,4,3,,,4,3,6,5,,,3,11,,,,3,,3,5,,3,3,6,4,4,5,3,6,,7,6,,664,
892,E07000210,Mole Valley,,,,3,3,,3,,,,,3,,,,6,,3,4,,,,,,,,,3,,,,5,,3,,,4,7,3,5,,3,,4,,,3,,3,,3,3,,,4,4,3,,8,3,3,,4,,,,,,,,,,,,5,,,6,,8,,,,5,,,,,,,,,5,4,,,,4,,,383,
893,E07000211,Reigate and Banstead,,3,3,6,3,10,8,,4,4,,,12,,,4,,9,5,,6,3,,,3,4,,5,,3,5,9,5,,3,4,7,5,,,,6,3,8,,,3,6,3,,,6,,7,4,4,11,3,8,3,3,4,,6,,,3,3,4,,,,3,3,7,3,5,6,5,15,3,4,11,6,,,,3,,,4,5,6,11,,5,,4,4,,847,
894,E07000212,Runnymede,,,,8,,4,,,,3,,,7,,,,,4,6,,,,,,,,3,,,3,4,8,,3,3,,,5,,3,,4,,5,,,3,4,,,,,,3,3,5,5,,,,,,,3,,,,,,,,,5,,6,,,4,,8,,3,,,,,5,,,,3,4,,5,,4,,4,,,467,
895,E07000213,Spelthorne,,,,5,,11,,,,3,,3,7,,,,,,3,,,,3,,,6,4,3,,3,3,3,,,,6,4,6,,7,,5,,9,,,,,,,3,4,3,5,5,6,4,3,7,,,3,,,,4,,,,,,,5,,5,5,4,,,9,,,7,4,,3,5,5,,,4,3,,3,,4,,,4,,602,
896,E07000214,Surrey Heath,,,,5,,4,,,,,,,3,,,,,,,,3,,,,,,,5,,3,,7,,,,,5,4,,,,5,,6,,,,3,3,,,3,,3,,5,,,5,,,,,,,,,,,,,,,,5,,,,,6,,,,3,,3,3,,,,7,,4,5,,,3,,3,,378,
897,E07000215,Tandridge,,,,,3,6,,,,,,,9,,,,3,4,4,,7,,3,,,,4,3,,3,5,5,,,4,,6,3,,9,,3,,7,,,,4,,,4,4,,4,,10,8,3,,,,7,,,,,,,,,,,3,,,5,,,,9,,,3,3,3,5,3,4,,,5,4,5,4,,4,,6,,,480,
898,E07000216,Waverley,,,,4,,4,,,,3,3,,5,,5,,,10,5,4,6,,,5,5,,5,,3,5,3,6,,3,,5,4,6,3,7,3,,3,8,,,,,3,3,3,3,,4,5,9,3,,4,3,,5,3,,,,,4,4,,,,6,,,,5,,,13,,5,4,5,,,,,,,,3,3,3,3,4,3,,,,548,
899,E07000217,Woking,3,3,,3,,10,,,5,3,,,7,,,,,7,5,,,,,,,,5,5,3,,3,9,5,,,3,,4,,,,4,,7,,,4,,,,,4,,6,7,5,4,,3,,,,3,,,,,,,3,,,6,4,10,,4,,,14,,,,,,,4,,,3,5,6,4,5,,,,,5,,620,
900,E07000218,North Warwickshire,,,,4,,,,,,,,3,5,,,,,3,,,3,,3,,,3,,3,,4,,3,,,,,,5,,,,,,,,,,5,,,,,,3,3,3,5,,3,,,7,,,,,,,,,,,3,,,,,,,4,,,,,,,4,,,,,,3,,,,,5,,,322,
901,E07000219,Nuneaton and Bedworth,,,,4,4,6,,,,3,3,3,8,,,4,,6,5,,4,3,,,,,,10,3,7,3,,,4,3,,5,5,4,4,,,,4,4,,,8,,,4,3,,,,12,,,7,,3,6,,7,,4,4,,,,,,,,5,,6,,,15,,,3,4,,,7,6,,3,9,3,4,6,,,,10,,,788,
902,E07000220,Rugby,,3,,3,3,13,,,,,4,,9,,,,,3,,,,,,4,,,,6,5,4,4,7,,,,,4,3,,6,,5,,5,,,,3,5,,3,4,,7,5,5,4,,4,,,5,,,,,,4,,,,,,,4,,,,,12,4,,,3,,,4,3,,,,3,3,4,,,,3,,,590,
903,E07000221,Stratford-on-Avon,,4,,5,,8,,,,3,,,3,,,,,6,3,,5,,,,4,5,3,6,3,,4,5,3,3,4,3,3,,,11,,4,,5,,,,,7,,,6,3,4,5,10,4,,6,,,5,,,,,3,5,,,,,5,,3,,,4,,9,,4,4,6,3,,4,,,,,4,11,,,,4,5,,,511,
904,E07000222,Warwick,,3,,11,,5,3,3,,,3,,10,,3,,,7,6,,,,,,4,,,5,,6,5,3,,4,3,6,3,4,,5,,8,,4,,,,5,4,3,,4,3,9,4,14,7,3,4,,,13,,,,,,,,,,,,5,3,4,4,3,,9,3,3,4,4,,,3,6,,,10,,9,6,,,,3,,,671,
905,E07000223,Adur,,,,3,,,,,,,,,3,,,,3,,,,,,,,,,,,,,3,3,,3,,,4,5,3,,,,,6,,3,,,4,,3,4,,3,,4,4,,,,,5,,,,,,,,,,,3,,3,,,,,10,,,,,,,,,,,4,,,,,,,,,,316,
906,E07000224,Arun,3,,,,,13,,,,3,5,3,4,,,4,,6,4,,4,,3,,,,,11,3,4,3,7,4,3,,3,8,6,,7,,3,6,7,,,,3,,,4,,,7,3,10,9,,3,4,,5,,,3,7,,3,3,,,,4,3,13,,7,5,,18,,3,7,6,,3,3,5,,3,6,3,9,6,3,,,8,,,715,
907,E07000225,Chichester,,3,,8,3,7,,,,,,,7,,,,,,,,5,,4,,,5,,4,,3,3,3,,4,,4,3,3,,5,,,3,6,,,,,3,,,,,,3,7,3,,7,,,7,3,,5,,,,,,,,4,3,6,,,,4,6,5,,3,6,,,6,5,,,,,6,,,,5,5,,3,488,
908,E07000226,Crawley,,,,,3,16,,,,,,,9,4,,,,6,5,3,,,,,,,3,5,,,,8,8,,3,3,10,7,,,,,,3,,,,4,,,,3,,9,4,8,8,,10,,,,,,,5,,5,,4,,4,4,4,8,,3,,,11,,4,,7,,3,6,,,6,6,7,4,6,3,3,,7,,,745,
909,E07000227,Horsham,3,,,7,3,11,,,,3,,,10,,,,6,9,4,3,3,,,,,4,,4,,5,,13,,3,4,,,4,,4,,,,3,,,,8,3,3,,,,16,8,9,6,,5,4,,9,,5,,5,,5,3,,,,5,,11,,3,4,,16,,6,6,7,,,4,3,,3,5,,6,7,4,,3,6,,,642,
910,E07000228,Mid Sussex,5,,,8,4,7,4,,,4,,,9,,,3,,4,11,3,,,,,3,4,,4,3,3,3,11,3,3,6,3,4,9,3,9,,8,3,9,,,,4,5,4,5,8,,4,10,6,13,3,6,,,6,,,,,,,,,,,5,4,7,,6,3,,8,,4,4,10,6,5,5,3,,6,4,8,12,5,4,5,,11,5,,731,
911,E07000229,Worthing,,,,6,,8,,,,,3,,10,3,,5,,4,7,,7,,,,5,3,,6,3,8,,,,,5,3,3,4,,7,,6,,4,,,,6,,,,3,,7,3,5,5,3,3,4,3,3,,,,4,,3,,,,,5,,3,,,3,,12,3,4,5,7,,,4,,,,3,,7,4,3,3,3,10,3,,585,
912,E07000234,Bromsgrove,,,,,,4,,,3,,,,4,,,,,3,,4,,,,,3,,3,4,,7,4,8,,4,3,,6,6,3,3,3,5,4,5,,,,,,,,,,5,5,6,3,,3,,3,7,,5,3,,,,,,,,4,,,,,4,,,,5,3,11,5,5,3,,,3,4,,,,,,,,,,465,
913,E07000235,Malvern Hills,,,,4,,5,,,5,,,,4,,,,,,5,,,,,,,,,5,,,,,,3,,,5,,,3,,,,5,,,,,4,,,,,,,,4,,4,3,,3,,,,,,,,,,,3,,,,,,,6,4,,3,,,,,,,,,,,,,,,3,,,288,
914,E07000236,Redditch,,,,4,,6,,,,,,,,,,,,,,,,,,,,,,,,,7,,,,3,,5,5,,5,,,,4,,,,,,,,,,3,3,5,3,,,,,,,,5,,3,,,,,,6,5,3,,,3,,14,,,5,3,3,,3,4,,4,,,,4,,,,3,,,461,
915,E07000237,Worcester,3,,,5,,13,,,,,,,7,,,4,4,4,6,3,5,,,3,5,,,5,,4,,5,4,3,4,7,,,,7,,,,5,,,,4,,,,,,6,3,8,5,,5,3,3,4,,,,,,,,,,,,,6,,3,,,7,,5,7,6,4,3,3,3,,3,5,,7,7,4,6,,6,,,564,
916,E07000238,Wychavon,3,,,4,,6,,4,,,,,10,,4,,3,6,,,3,,,,3,,,5,,4,3,,,3,6,4,3,4,,12,,4,,,,,,3,5,,4,5,,5,5,10,4,,3,,,9,,,,3,,,,3,3,,3,4,6,,,3,3,16,,3,4,8,,,5,6,,4,,3,4,5,3,,,7,,,554,
917,E07000239,Wyre Forest,,,,3,,18,,,,,3,,6,,,,,3,,,4,3,,,,,,3,4,4,,4,,6,3,,,6,3,,,5,4,10,,,,4,3,,,,,,4,4,,,4,,3,8,9,3,3,,,,,,,,3,3,,3,4,3,,7,,,4,6,,4,4,,,3,5,,,,,4,4,3,,,498,
918,E07000240,St Albans,,5,,7,,,4,3,3,4,4,,6,3,,3,3,17,4,4,4,,,,5,,4,7,3,5,9,10,4,4,,8,8,5,3,9,,5,4,13,,,4,,5,3,,4,,7,7,8,7,,3,,,9,4,,,,3,4,3,,,4,7,4,7,4,,,5,10,4,,5,6,,7,6,6,,8,7,5,7,10,,,4,4,,,834,
919,E07000241,Welwyn Hatfield,3,,,4,,9,,,,,5,,9,,,,,6,3,,5,3,,,,,4,7,,4,,4,4,,3,5,3,4,,6,,6,,5,4,5,,5,5,,,5,,9,4,8,5,,4,4,,4,,3,3,,,,,3,,,,3,5,3,,3,,10,,,5,9,,,,5,,,9,5,7,7,4,,,,,3,667,
920,E07000242,East Hertfordshire,,4,,9,,16,,,3,,,,6,,,6,,8,4,,8,,,3,8,,5,4,6,7,,5,5,7,3,5,3,8,,10,,7,,9,,,,,3,,4,5,3,9,3,10,6,3,5,,,13,,,5,4,,4,4,3,,,5,5,13,,7,3,4,11,,9,7,8,,3,6,9,,7,10,5,9,7,,4,3,7,3,,800,
921,E07000243,Stevenage,,,,,,10,,,,,4,,4,,,5,,5,3,,9,4,,,,,,5,3,4,4,5,,,4,,7,,,6,,5,,3,,,,5,,,,,,4,5,10,5,,,,,4,,,,,,,,,,,,3,3,,,4,3,13,,,4,4,,,4,8,,3,,4,,,3,3,,5,,,565,
922,E07000244,East Suffolk,,3,,5,4,14,4,,3,,,,8,,,5,4,6,5,,7,3,4,,,4,3,9,3,7,6,7,,3,3,8,6,12,,11,,10,3,6,4,,,,,,6,7,,6,4,10,16,,7,5,,11,4,5,,4,3,9,4,,5,,8,,9,4,,,,23,,4,8,11,4,,5,12,,,11,6,11,6,,,,12,,3,979,
923,E07000245,West Suffolk,,,,7,,14,,4,4,5,,,13,,3,5,,13,3,6,11,,,4,8,4,,7,4,5,5,13,6,,6,3,11,9,,8,4,7,5,8,,3,3,6,5,,,,,5,3,8,10,,3,,4,6,5,,5,4,4,7,3,,,,6,,12,4,5,4,,20,,,4,5,,5,5,3,,3,8,4,7,6,,3,4,9,4,3,1030,
924,E07000246,Somerset West and Taunton,,,,5,,13,4,,,,4,,5,,,3,7,8,,,5,3,3,3,4,3,,5,,5,4,5,5,5,3,,3,4,,13,,4,,,6,,,10,,,,3,4,4,3,7,8,5,,7,4,7,,,,4,,8,3,,3,,11,,,,3,4,,13,,3,3,6,,4,12,4,,6,,,7,,,,6,7,,,745,
925,E08000001,Bolton,3,3,14,11,,24,,,6,6,8,5,7,3,,10,3,14,6,3,9,,,,3,9,8,9,7,,7,11,,4,3,7,6,7,,4,5,7,3,14,5,8,5,11,5,6,3,3,,11,11,17,8,6,11,5,5,8,5,5,11,4,,,,3,,11,10,,11,4,3,,3,17,3,8,9,5,8,7,12,6,,10,8,6,13,10,4,6,7,11,4,,1758,
926,E08000002,Bury,,4,7,11,,11,,,,,5,,12,,,4,,7,5,4,9,,,,3,4,,8,3,5,3,11,,,3,3,6,6,4,5,,7,3,7,,5,3,6,,,5,,4,9,7,10,11,,,7,,8,,,3,,3,3,,,3,6,8,6,5,,3,,6,12,4,8,3,11,4,4,9,5,4,6,7,4,10,3,3,4,6,4,,,1058,
927,E08000003,Manchester,8,9,18,13,3,42,5,5,5,5,10,9,19,8,3,10,4,10,13,,16,,5,7,3,11,3,15,3,9,7,19,7,8,9,15,18,15,5,6,4,6,3,22,3,5,10,9,10,5,,4,5,23,12,13,6,10,9,12,,10,10,8,4,14,6,9,6,11,5,17,11,9,25,6,5,6,4,28,6,6,4,13,6,11,7,14,8,10,14,17,16,5,9,3,5,16,12,5,3575,
928,E08000004,Oldham,,,11,10,5,7,,,,,4,3,14,3,3,,,4,4,,7,,,,4,7,6,10,,5,,6,,6,10,7,8,12,,3,,11,,6,,6,5,8,3,6,5,,,11,6,14,4,,7,9,,5,7,4,,,,6,,3,4,7,6,4,9,4,5,,3,23,,,5,7,,,7,8,5,6,3,9,9,11,,5,5,10,7,,1575,
929,E08000005,Rochdale,,4,3,9,6,22,,,3,3,5,4,13,4,,7,3,7,3,,6,3,,,,,,3,4,6,4,13,4,6,3,3,8,8,,3,3,12,3,8,3,10,,9,3,3,3,,,11,3,13,7,3,4,7,4,9,,,,4,,,3,,,8,5,4,4,4,6,3,6,16,3,3,5,12,5,,8,3,,7,8,10,7,3,4,5,5,4,3,,1384,
930,E08000006,Salford,,4,4,4,4,17,,,4,3,5,5,11,,,8,5,9,7,3,4,,3,5,4,12,5,15,,8,3,14,,7,5,11,11,10,4,10,4,5,3,6,3,,5,7,6,8,,3,3,17,7,8,11,4,5,5,,6,6,6,3,5,9,,,6,,,11,6,9,3,3,3,3,31,4,7,9,13,5,5,5,6,4,9,6,11,14,8,3,6,11,12,5,,1736,
931,E08000007,Stockport,4,9,3,8,7,15,5,3,,,3,3,21,,10,4,3,22,5,4,13,,,4,6,5,8,15,,10,5,27,6,7,8,5,14,16,,9,6,10,7,8,,6,6,15,8,6,7,7,4,9,8,29,10,,14,8,5,15,,7,10,10,3,7,7,3,6,,10,8,17,5,4,5,5,25,9,8,11,10,4,8,14,5,,8,17,6,14,8,4,8,8,19,6,,1567,
932,E08000008,Tameside,4,4,,12,,16,,,,,6,11,11,,,3,4,8,,,8,6,,,4,11,,7,4,5,9,12,,,5,8,7,4,,7,4,4,5,11,,6,5,15,5,7,4,3,6,18,10,28,10,5,10,3,9,6,6,11,8,4,7,3,,4,,3,6,,15,11,9,,4,19,4,6,15,15,4,9,4,5,3,10,13,,12,7,3,,4,12,3,,1328,
933,E08000009,Trafford,4,5,,12,,12,4,5,5,3,7,3,8,,6,4,,8,5,4,4,,3,,9,4,5,6,5,5,10,10,5,4,5,7,7,10,,8,5,6,5,10,,,5,,8,4,5,9,4,12,13,19,9,,10,7,5,4,4,4,6,4,3,5,8,,3,3,12,5,6,3,,3,4,14,5,3,6,6,3,,8,5,,3,10,3,14,9,,3,5,10,11,3,1288,
934,E08000010,Wigan,3,5,,9,8,31,3,6,3,5,10,,31,,,12,3,22,7,,16,7,,,7,12,8,15,6,8,8,16,5,8,8,10,12,10,,6,6,17,4,24,3,7,,19,11,11,10,6,,16,16,22,17,3,12,11,8,18,,10,10,3,5,10,,3,6,,12,6,16,4,8,10,6,30,4,7,15,13,3,,14,10,,12,8,5,20,5,6,,8,13,5,,1643,
935,E08000011,Knowsley,3,3,,4,3,15,,,,4,4,3,13,,,4,,11,,,13,5,4,,,4,3,10,,9,,13,,4,7,3,8,10,3,4,,8,,9,,8,3,12,,3,3,3,4,13,5,11,7,,6,3,3,10,,6,5,3,,5,,,,,,3,,3,4,,7,15,6,11,4,5,3,,9,5,,9,6,5,11,5,,5,,5,,,936,
936,E08000012,Liverpool,6,6,,8,10,34,3,4,5,4,6,5,24,4,,9,11,25,6,4,15,7,8,3,5,14,4,29,7,13,12,28,4,6,11,15,16,21,3,9,8,14,4,27,5,13,,22,13,15,4,7,5,17,9,36,18,7,28,12,8,16,11,17,7,22,7,11,,7,3,3,22,6,21,17,5,4,14,31,9,25,24,11,12,11,15,15,7,14,19,14,20,7,6,8,12,5,4,,2873,
937,E08000013,St. Helens,3,,,8,,16,,3,3,,5,,10,,,,,17,,,10,3,,,,5,4,19,3,,3,11,3,6,9,5,8,7,4,5,,8,,10,,3,4,8,,8,7,3,3,5,4,12,5,5,8,,4,7,,,4,5,4,3,,,,,7,,12,4,8,3,7,20,,7,10,8,4,,12,6,,10,7,6,15,11,,,12,8,3,,953,
938,E08000014,Sefton,4,5,,11,6,24,5,,6,5,7,,17,,,8,5,20,3,4,9,,,,8,8,9,15,,7,3,11,4,,8,11,11,11,3,9,3,8,4,14,,6,3,5,,4,8,6,4,14,6,18,6,4,12,3,6,11,5,8,9,4,3,7,,,,,10,5,11,4,11,5,10,24,,8,13,8,4,3,6,12,,9,12,5,14,5,3,6,4,5,,,1271,
939,E08000015,Wirral,,9,,9,4,21,,6,,4,4,,16,4,3,5,3,14,8,5,19,7,,,5,10,6,21,6,14,5,24,3,6,8,7,14,9,8,8,,9,8,14,7,10,5,18,10,7,5,9,3,21,19,16,12,4,10,6,3,13,4,7,3,10,3,6,3,,4,,11,,16,5,9,5,10,27,4,14,12,15,4,3,15,9,,8,16,5,17,8,5,6,8,11,3,,1530,
940,E08000016,Barnsley,3,3,,6,,25,,3,5,5,8,,14,3,,3,,9,,,11,3,,4,,7,5,6,6,5,5,9,3,4,8,5,15,17,,9,4,16,5,13,11,,,13,7,3,8,5,6,5,5,20,9,4,5,3,,11,6,8,3,5,4,,,3,4,,4,5,8,,10,3,6,22,,4,4,10,4,,12,9,,7,4,6,15,5,5,,6,15,,,1259,
941,E08000017,Doncaster,4,7,,14,3,17,,3,,4,9,9,15,,,4,3,14,6,,8,4,4,,,8,5,14,5,10,7,22,4,7,8,7,11,22,4,3,3,10,6,14,6,6,4,13,6,4,7,3,,8,10,16,15,4,7,7,4,8,,,9,5,3,6,,4,5,,5,8,19,4,9,3,5,32,,3,7,15,,3,10,10,5,12,7,9,11,16,5,4,7,13,,,1637,
942,E08000018,Rotherham,4,7,,17,4,19,,,5,,7,8,15,3,,8,,11,6,3,12,6,,,,10,5,9,3,8,7,14,3,8,7,3,13,12,3,11,,13,11,9,3,7,5,14,10,10,3,4,4,11,12,21,17,,7,7,6,20,8,12,7,11,,5,,,,,6,3,9,4,5,,4,18,,,14,14,5,8,11,4,3,18,3,,9,12,3,6,6,13,,,1422,
943,E08000019,Sheffield,5,13,10,19,6,49,,8,,3,9,8,29,3,6,11,8,14,5,3,13,11,8,10,10,12,10,20,8,17,19,26,6,20,17,17,14,17,6,25,10,22,12,18,6,5,8,15,10,12,5,5,7,18,12,31,24,5,10,12,10,23,6,10,6,10,4,8,8,10,11,11,11,8,20,8,10,6,6,34,10,7,15,15,11,9,18,13,4,13,10,10,14,16,10,7,6,13,4,,3030,
944,E08000021,Newcastle upon Tyne,4,3,3,9,3,26,,6,4,,4,,17,6,,,3,13,6,,5,,3,3,5,9,6,12,5,5,7,13,3,3,10,4,12,11,,4,4,5,5,16,6,3,9,5,4,6,5,4,,6,7,10,5,,13,7,4,6,6,3,13,4,,6,3,6,3,,6,7,5,11,4,7,5,27,4,4,12,10,,6,7,5,7,6,,10,19,14,4,,,11,10,,1531,
945,E08000022,North Tyneside,5,,,9,6,16,4,,3,,,3,14,,,,,12,10,,8,,,,6,,,14,4,7,5,13,,8,5,4,6,10,,4,6,13,,17,4,7,6,8,7,5,4,10,,8,12,17,13,4,20,14,4,13,4,4,8,6,3,,,,5,,7,,5,4,6,6,5,31,,3,8,7,6,5,9,8,,6,6,3,11,8,3,7,,9,,,1102,
946,E08000023,South Tyneside,,,,5,,11,,,,,4,3,11,,,,,14,5,,,4,,,6,5,,11,3,,4,9,,6,5,3,3,11,,5,,8,,11,5,,,4,5,7,3,,,3,3,11,7,3,9,,,6,6,,,6,4,,,,,,4,3,6,4,,5,,16,,3,3,6,,3,8,3,,8,6,4,6,12,4,,,4,3,,753,
947,E08000024,Sunderland,3,4,,7,4,24,,,,,5,4,20,4,,,,16,5,,11,4,,,6,5,3,14,3,3,7,17,,5,3,3,4,12,,,5,11,6,7,7,4,7,18,7,4,3,4,3,18,9,21,13,5,11,6,12,12,4,,13,9,4,,,,,,7,3,15,5,6,3,5,21,6,,12,12,,7,18,5,,17,3,3,4,6,6,9,,11,5,,1290,
948,E08000025,Birmingham,18,9,52,19,10,102,6,13,6,6,22,18,49,21,10,12,7,19,4,4,17,12,10,5,11,21,15,35,12,25,20,30,13,10,15,20,22,16,3,18,4,21,5,31,13,6,26,24,9,6,10,12,7,33,17,33,20,12,17,25,12,29,10,4,6,12,7,9,4,32,3,42,21,36,35,15,19,9,17,56,13,11,30,21,13,6,18,15,24,18,28,39,39,33,5,11,5,16,24,7,7720,
949,E08000026,Coventry,,3,7,7,,26,4,7,,3,5,,26,4,,5,3,11,9,,8,4,3,,4,6,,6,3,8,5,13,7,,6,12,9,8,3,3,3,6,,12,3,,9,4,,,5,,4,14,6,14,13,,11,4,7,8,3,3,4,,5,4,,6,,7,5,11,14,9,6,3,3,30,4,5,9,8,4,,8,4,4,8,13,14,9,13,3,5,8,9,3,,2058,
950,E08000027,Dudley,5,,,5,6,22,,,5,,9,7,22,,,12,3,12,9,5,9,10,,4,8,8,5,14,8,7,8,10,,9,5,7,9,15,11,12,6,9,7,10,,4,7,14,3,5,,7,,15,15,18,6,,11,9,5,7,5,3,5,7,5,6,,,4,3,13,,19,6,11,7,6,21,,8,8,8,6,,9,7,,4,13,8,13,11,,4,3,10,6,4,1722,
951,E08000028,Sandwell,,3,4,3,7,31,,,,,9,6,17,,,,4,4,4,6,8,6,,,,5,,9,6,7,4,12,8,5,4,8,6,10,,6,,13,3,10,3,,6,8,,,6,5,,10,9,13,7,,8,14,4,8,10,5,,6,,4,3,8,,4,6,13,12,7,,,3,19,,,7,6,,7,8,10,3,6,16,13,9,9,3,,4,,6,,2213,
952,E08000029,Solihull,5,,,8,4,11,,,,3,6,,18,,,3,,16,4,,7,5,,,,5,,11,,7,6,11,6,6,5,8,3,8,3,7,,8,,10,3,,,9,5,,4,8,,12,3,12,5,,11,5,,7,3,,3,4,3,3,,,3,,9,,9,3,7,3,5,17,3,4,8,12,,3,3,4,,4,12,4,8,13,7,3,,4,7,,1057,
953,E08000030,Walsall,,5,7,,7,19,,,,,4,7,17,,,3,4,9,4,3,12,6,4,,,4,3,18,4,7,5,12,,6,5,7,6,16,,,3,9,7,9,5,,,14,4,5,4,5,,9,10,18,13,4,8,4,8,4,6,,,8,,,,8,5,9,,4,12,12,6,5,14,16,6,3,10,9,,5,8,7,4,9,12,,14,10,,4,4,8,3,,1842,
954,E08000031,Wolverhampton,3,,,5,6,15,,3,3,,7,4,21,3,,,4,6,8,,4,5,5,,,,,8,5,4,4,6,,,4,6,5,10,3,5,4,12,,13,,3,6,7,4,,3,6,4,11,3,7,8,,4,4,,10,,,,6,,6,,4,3,5,4,3,6,6,5,,,24,,,6,10,,3,4,7,3,6,10,11,6,5,4,5,,8,,,1545,
955,E08000032,Bradford,5,6,21,13,3,46,,7,4,3,12,3,27,11,3,4,4,14,5,4,8,5,6,,10,24,6,12,4,11,10,20,7,9,12,9,10,9,3,6,8,14,8,11,3,9,14,14,11,3,12,6,5,15,11,24,13,6,17,11,6,15,9,6,6,4,11,13,4,11,7,23,21,10,15,8,9,4,,22,,6,16,19,5,3,19,11,7,10,15,13,19,8,6,6,9,16,11,5,3602,
956,E08000033,Calderdale,,7,4,6,4,14,,,3,4,4,3,8,,4,3,,13,,,,,7,,4,5,4,7,6,8,4,7,,,4,,8,9,4,6,5,10,,6,6,,5,4,6,,,3,,8,6,12,12,,7,,7,6,6,8,5,5,,4,,,5,,5,,4,4,7,,4,12,4,5,4,12,,3,12,3,,9,,5,3,5,3,5,5,7,,,1116,
957,E08000034,Kirklees,4,8,16,9,3,21,,4,3,6,6,5,27,5,3,5,5,10,7,,6,5,,,11,17,10,14,9,14,3,12,4,7,7,13,13,16,,16,7,14,7,15,5,4,5,16,8,3,6,8,7,13,10,22,15,4,11,14,7,13,9,,3,12,4,8,,3,4,16,8,6,9,7,5,15,7,25,5,7,10,18,7,5,10,5,5,7,8,12,10,12,6,8,14,17,12,5,2392,
958,E08000035,Leeds,10,14,8,24,10,61,10,13,12,13,12,13,49,16,10,15,8,25,10,8,29,5,8,9,14,18,19,36,10,30,19,52,11,14,18,19,25,32,8,21,14,34,17,32,5,12,18,32,23,15,21,14,11,36,27,38,31,15,22,21,7,29,8,7,15,20,13,20,7,9,11,11,29,25,32,8,20,12,15,55,14,16,30,44,6,21,28,20,9,21,18,24,35,40,11,5,21,26,9,6,4844,
959,E08000036,Wakefield,3,5,,8,9,30,,3,9,5,10,8,27,5,3,4,,15,3,3,12,8,,6,11,9,4,21,10,13,10,20,4,7,13,12,14,21,4,9,4,10,5,11,12,7,4,17,7,13,8,10,8,14,14,25,20,4,6,11,8,10,5,6,6,7,,4,,,4,3,9,8,24,10,9,8,3,35,,6,16,16,4,5,16,11,,11,7,5,12,13,6,7,4,18,7,3,1925,
960,E08000037,Gateshead,5,3,,4,,12,,3,,,,3,19,3,,3,,8,5,,6,,,,3,6,4,9,7,4,6,14,,4,7,4,,9,,,3,10,,15,5,5,7,8,7,,4,3,4,6,6,10,8,,15,4,5,9,6,4,7,,,4,,,,,,3,3,6,,,4,20,,,5,8,4,3,13,4,,5,10,5,10,6,4,8,9,9,,,1012,
961,E09000001,City of London,,,,,,,,,,,,,,,,,,,,,,,,,,,,,,,,,,,,,,,,,,,,,,,,,,,,,,,,,,,,,,,,,,,,,,,,,,,,,,,,,,,,,,,,,,,,,,,,,,,,,17,
962,E09000002,Barking and Dagenham,,,7,,,21,,7,,,3,3,14,,5,,,3,4,,,,,,,4,3,5,4,4,3,13,7,,,15,4,4,,4,,,,7,,,8,4,,,,,,11,3,4,5,3,9,4,,4,,,,,,3,,15,,8,,17,6,4,4,,,22,,,6,,,,6,,6,,9,17,10,8,3,,,3,7,,1792,
963,E09000003,Barnet,10,,3,13,6,23,,6,5,,3,,13,8,6,7,,7,14,4,7,,,,4,,12,25,4,,8,13,18,3,4,19,8,4,3,5,,4,4,9,,,14,5,3,,,10,5,14,8,6,8,8,14,5,,15,5,3,,5,3,,,23,,8,8,29,27,9,5,3,,28,4,,,5,4,13,7,7,16,6,11,23,18,11,,4,,,5,11,2480,
964,E09000004,Bexley,6,,,5,,20,3,,,,4,,16,4,,5,,12,6,3,10,3,3,,3,4,3,9,3,15,6,11,3,5,4,3,5,14,,6,4,11,4,11,7,6,4,7,,,3,,,11,11,22,8,3,12,,5,14,4,3,,6,,4,,,,,7,8,12,4,5,,5,40,,5,8,10,,7,11,9,,4,11,5,12,8,5,5,5,3,4,,1490,
965,E09000005,Brent,8,,11,9,3,20,,3,,,4,3,5,4,9,,,7,5,5,,,,,,4,4,11,,,7,10,6,,,13,5,3,,3,,,4,13,,,5,,,,,,,8,,3,3,5,6,7,,5,,,,7,,,,18,,7,6,24,8,,,,,19,,,,,,,,6,15,,6,32,13,8,,,,,4,5,2305,
966,E09000006,Bromley,3,4,5,19,5,19,11,6,,4,7,,18,7,,5,5,19,13,4,11,,6,,6,4,7,14,,12,5,18,8,3,4,9,5,8,,12,4,20,3,11,3,,,8,11,,,4,7,18,13,17,7,3,11,7,,16,6,3,5,7,3,3,4,5,,,11,13,18,4,6,7,5,43,4,10,8,19,4,5,15,13,,14,12,16,22,7,3,6,6,7,,3,1861,
967,E09000007,Camden,3,5,5,5,,17,,8,3,,4,,4,,,,,5,8,3,4,,,,4,,,4,3,3,5,9,8,,4,8,3,,,,,6,,3,,,8,4,,,,,3,11,,7,5,,,,3,3,,,4,4,,,4,3,,9,8,12,6,9,,,,13,4,,3,3,3,4,3,3,5,,6,14,11,4,3,,3,3,4,,1244,
968,E09000008,Croydon,8,5,5,11,3,31,4,4,4,8,9,4,27,5,3,3,3,12,14,3,,3,4,4,4,10,5,8,5,10,11,19,8,4,4,8,6,3,3,5,4,11,,13,,,4,4,4,,6,4,4,18,6,16,6,10,9,11,,13,6,,5,8,,5,,8,,7,8,13,13,8,4,7,5,21,4,,6,10,,5,6,7,6,4,20,12,18,6,3,9,5,4,6,9,2672,
969,E09000009,Ealing,5,4,7,5,7,24,3,8,3,4,4,,9,,,5,,11,9,5,4,,,,,3,5,10,,,7,14,12,6,,18,11,5,,10,,3,4,5,,,11,,4,,,,4,10,7,7,,7,4,9,,9,,,4,11,,3,5,17,,7,,16,10,5,4,,,17,,,3,4,3,10,4,5,12,,10,19,19,9,,,3,,8,,2393,
970,E09000010,Enfield,5,6,8,,,11,5,8,,,12,,16,15,3,3,,3,11,3,,,,,,3,5,11,,,3,18,8,6,,10,7,,,3,,6,3,5,,,8,,,,3,3,,13,5,7,4,6,5,4,3,7,,,,5,,,,8,,5,3,14,18,9,,,,20,,4,,4,,5,4,5,9,8,16,9,23,6,,,,4,6,9,2270,
971,E09000011,Greenwich,5,6,5,7,4,20,3,6,4,6,5,6,15,6,3,4,,5,7,5,6,,6,4,5,3,17,14,,6,11,17,14,,3,12,3,7,,5,4,4,,16,,,3,7,,,,,3,17,7,10,7,,7,5,5,10,6,,4,11,,6,,14,,,4,11,20,3,5,3,,29,4,6,6,14,7,,6,7,6,3,11,20,11,4,4,,6,8,7,11,2017,
972,E09000012,Hackney,3,5,3,7,,9,,,,,6,3,9,5,,6,3,3,8,5,3,,,3,,,4,9,,4,,3,5,3,3,6,,4,,7,,7,,9,,,8,4,,,3,4,5,6,,6,7,,,7,3,5,5,,,8,,,5,5,6,8,4,15,8,5,3,3,4,14,,,,5,,5,3,4,7,,6,8,4,3,,,4,6,,7,2160,
973,E09000013,Hammersmith and Fulham,4,,3,3,,11,,3,,,,3,5,,5,,,9,9,8,,,,3,3,3,5,3,,,6,6,7,,3,,4,,,6,,7,4,4,,,,,,,,,,10,3,5,4,,,4,,4,,,,4,,,7,7,,4,6,3,15,4,,,,16,3,,,5,,3,,3,,4,6,10,13,6,,3,3,3,3,,1113,
974,E09000014,Haringey,5,9,,8,,13,5,7,,,3,5,9,6,,,4,6,6,,5,,,4,3,,9,13,,,10,11,10,,3,8,8,4,,9,5,3,3,3,,,4,,5,,,8,3,10,,11,11,5,4,4,,3,4,,,3,,,5,6,4,7,8,11,16,6,,3,,9,6,3,,4,4,4,4,6,6,3,4,14,17,6,,3,,4,5,7,1851,
975,E09000015,Harrow,7,,4,5,,19,3,3,,,5,,17,7,,3,,5,4,,,,,,,6,5,10,,,8,13,6,,,16,8,,,,,3,,3,,,,,,,,,,8,,5,,,11,4,,4,,,,,,,,15,,8,3,13,7,,,,,17,,,,,,3,,,14,,14,23,12,7,,,,,3,3,1741,
976,E09000016,Havering,5,,,6,,28,,,,,7,5,18,6,5,6,3,7,15,,11,7,3,,,7,8,12,5,5,4,24,,4,6,6,7,7,,12,6,9,,14,7,5,6,5,,,12,,5,11,9,9,13,5,8,3,,10,4,4,4,8,3,5,6,,,,7,7,14,7,9,3,4,22,,10,3,10,4,,8,5,4,10,11,9,16,13,7,3,5,6,3,4,1589,
977,E09000017,Hillingdon,3,,7,6,6,20,,5,4,3,10,5,15,4,4,4,,11,5,3,4,3,3,,4,7,5,5,,5,,6,6,,4,10,,10,3,3,,6,4,13,,3,5,,3,,5,,3,10,5,10,4,,14,7,4,5,,,5,3,,3,,9,,5,5,12,17,6,5,,,19,6,,,9,,3,7,7,4,5,13,20,21,8,4,3,7,4,7,4,1970,
978,E09000018,Hounslow,,,,6,3,21,3,3,,3,3,,8,,,,,9,4,4,,,,,6,4,,10,,,8,12,5,,,6,6,,,,,5,,11,,3,3,5,,,,3,,15,,9,8,4,8,3,,10,7,,,,,,,8,,9,3,12,14,8,,,3,14,,,,3,,,,8,10,6,8,16,18,7,4,,4,4,6,6,1855,
979,E09000019,Islington,,5,4,6,,8,4,3,3,,3,,4,5,4,5,,10,5,6,3,,5,3,,6,4,12,,5,4,12,5,,,9,6,,,6,,6,4,4,,3,4,3,3,,3,3,4,14,5,10,9,,3,3,,6,,,,3,,4,7,5,,3,7,14,13,4,,4,,15,,3,3,8,,4,,3,3,3,4,9,11,10,,3,5,5,6,3,1335,
980,E09000020,Kensington and Chelsea,,,,4,,7,,,,3,,,,3,,,,5,3,3,,,,,4,,5,3,,,7,4,7,,,3,,,,4,,,,,,,,,,,,,,8,,3,,,,,,7,,,,,,,6,5,,3,4,5,13,3,,,,12,,,3,,,4,,,,,6,10,7,4,,,,,,,795,
981,E09000021,Kingston upon Thames,,,,7,5,13,4,4,3,,5,,8,,3,3,3,12,6,5,3,,,,8,5,7,7,,4,12,14,11,5,,4,5,,,7,,3,4,7,,,3,,4,,,6,,6,3,8,5,3,4,,3,8,,,,,,,,,,,7,6,8,3,4,3,,16,3,3,,5,,5,,5,,,4,9,11,5,,,,5,,4,999,
982,E09000022,Lambeth,7,6,5,9,,14,3,3,5,6,5,3,8,,7,,,12,6,3,3,,3,7,7,4,4,9,,,9,7,9,,6,9,3,5,,8,,10,,10,,,8,,3,,3,6,3,9,,12,4,3,4,6,3,14,5,,,6,,,5,6,,6,4,6,9,5,,3,,10,5,7,7,4,6,4,3,8,4,9,3,9,14,10,,5,,6,,7,1885,
983,E09000023,Lewisham,7,13,4,8,5,14,4,7,3,7,4,3,21,,8,3,,13,9,10,3,,3,5,4,8,15,9,,7,5,12,5,,9,,11,10,,10,,6,3,10,,,6,3,5,4,3,7,7,11,5,15,7,6,3,5,4,8,,,3,10,,6,8,3,,,6,9,8,3,,3,4,25,6,5,8,9,7,3,,7,6,6,10,14,11,13,3,7,5,4,3,11,2207,
984,E09000024,Merton,5,4,,9,,14,6,,3,,4,4,10,,5,3,,14,5,,3,,,3,5,3,4,8,4,,8,11,10,4,5,7,5,9,,11,,4,5,14,,,7,,,,,3,4,13,10,16,5,4,5,,3,8,5,,,11,3,,5,7,,6,9,3,11,3,3,,,17,,4,5,9,,7,,4,,7,12,7,9,11,5,,3,4,4,5,1475,
985,E09000025,Newham,4,4,19,7,,21,,9,,,3,,7,7,,,,4,7,3,,,,3,,3,8,3,3,,4,13,8,,,12,,3,,,,6,,7,,,14,,3,,,,5,11,4,3,4,,6,5,,,,,,3,,,,14,,32,,16,12,3,3,,,12,,3,,3,,,,,21,4,3,23,10,6,3,,,3,9,6,2802,
986,E09000026,Redbridge,,,19,5,8,29,,7,3,,11,,15,12,,,,3,6,3,,,,,3,13,5,4,,,7,12,7,,,19,5,,,4,,4,,4,,,7,,,,4,3,,11,4,7,6,6,3,,,4,,,,3,,,4,12,,28,,18,12,5,,,,14,,,,3,,,4,,11,,8,30,20,3,,3,,,10,,2195,
987,E09000027,Richmond upon Thames,,4,,12,7,11,5,4,3,5,3,,12,,,,,14,9,7,,,3,,6,,3,10,,3,8,7,8,,,4,8,,,8,,7,,7,4,,,,,,6,3,6,16,10,8,3,3,6,,,13,4,,5,7,,4,7,4,,,7,6,7,6,4,8,,19,3,4,6,8,,5,6,,,,9,16,8,12,,4,3,7,,3,1088,
988,E09000028,Southwark,4,8,4,12,3,15,3,5,5,,4,4,13,7,4,6,3,11,10,8,4,,,3,4,,12,8,3,4,3,8,9,3,,9,6,8,,15,,8,3,7,,,7,5,3,,3,3,8,20,,8,7,4,8,6,,8,4,,5,7,,3,4,,,8,,15,15,6,3,3,4,15,,4,3,5,,3,4,12,3,4,12,8,5,10,,,3,3,3,5,2012,
989,E09000029,Sutton,5,4,,6,,14,,,3,,4,4,12,,,4,,6,7,7,6,,4,,5,8,6,12,4,11,10,10,4,3,,7,3,8,,8,,7,,5,,,,9,3,,3,4,3,7,8,15,11,5,8,6,3,8,4,,,7,7,3,,4,,,10,9,8,4,3,4,7,12,,3,3,8,,8,4,,4,3,8,5,13,13,,,4,4,3,3,1212,
990,E09000030,Tower Hamlets,,,13,3,,23,3,4,,,4,4,9,6,3,3,,7,7,3,,,3,,,14,5,8,,3,5,6,5,,4,4,,3,,9,,4,3,5,,,5,4,,,,3,4,6,,9,3,4,6,5,,4,,,,4,,,,12,,40,,16,10,6,,,,11,,,,5,3,6,4,4,19,3,4,10,16,7,,,,,7,3,2121,
991,E09000031,Waltham Forest,5,11,7,5,3,19,5,4,,,4,,13,6,5,,,5,6,3,5,,,9,,3,8,6,,4,5,13,10,3,7,10,6,6,,6,3,7,,9,,,,,,,3,3,,17,6,14,14,4,9,5,3,11,3,,,10,,,10,3,3,14,,14,14,4,,3,4,21,5,5,4,3,3,8,3,7,8,4,6,19,15,9,3,,7,5,10,4,2195,
992,E09000032,Wandsworth,4,,4,13,4,18,3,5,9,5,6,5,12,,14,,,28,11,10,10,,,,6,9,5,23,8,8,16,20,18,8,8,12,9,9,,22,5,11,6,9,,,9,8,6,,3,17,5,26,12,29,11,5,7,4,,16,4,,10,9,,4,12,7,3,7,15,12,10,10,,12,4,32,5,9,11,8,3,11,,9,4,12,19,18,19,23,,9,,5,5,7,2246,
993,E09000033,Westminster,4,3,3,6,,6,7,4,,,,,6,,3,5,,12,8,7,,,,,,,4,4,,,4,3,9,,,6,3,,,3,,,,3,,,4,,,,,,3,7,4,3,,,,3,,3,,,,8,,,4,5,,3,3,14,14,5,,,,11,,,,,,6,,4,4,3,5,10,11,4,,,,,,,1185,
994,W06000001,Isle of Anglesey,,,,4,,3,,4,,,3,,3,,,,,,,,,,3,,,,,3,,3,,,,5,,,,3,,,,,,,,,,,,,,,,,,5,,,,,3,,,,,,3,,,,,,,,9,3,,,,6,,,,4,,,,3,,,3,,,,,,,3,,,333,
995,W06000002,Gwynedd,,,,,,3,,,,,,,4,4,,,,,3,,,,,,,,,3,,,4,3,,3,,3,,,,,,5,,,,,,,,,,,,,,4,,,,3,5,,,,,,,,,,,,,,9,,,,,4,,,,3,,,,5,,,,3,4,,,,,3,,,563,
996,W06000003,Conwy,,,,,,6,,,,,4,,,,,3,,6,4,,,,,,,3,3,6,,7,,4,,3,4,3,6,5,3,3,,4,,3,5,,,5,,,,,,4,3,4,,,,,3,5,,,,3,,,,,,,,,6,,,,,6,,,,4,,,5,4,,4,,,6,4,,,3,,,,492,
997,W06000004,Denbighshire,,,,,,,,,,,,,5,,,3,3,,,,5,,,,,,,3,,,3,3,,,3,5,5,7,3,,,4,4,,,,,4,,,4,3,3,3,,6,3,,3,4,,3,,,,,,,,,,,3,3,6,,,3,4,10,,,,5,,,5,3,,3,4,3,4,,,,,,,,449,
998,W06000005,Flintshire,,3,,4,,6,,,3,,,,6,,,3,,7,3,,5,,,5,,7,,12,5,9,7,9,,3,,,6,8,,,,8,4,7,,,,6,3,,7,4,,5,5,8,10,,8,3,4,10,3,,,,,6,,3,,,4,,7,3,3,,4,19,,7,,8,,,,5,,,6,6,3,7,3,,6,5,4,,744,
999,W06000006,Wrexham,,,,3,,8,,,,,3,3,14,,5,3,,7,3,,4,,,,,3,3,6,,9,6,7,,6,,,3,,,,,3,,4,,,,3,,,,4,,8,3,10,5,,4,4,4,4,4,5,3,,4,5,,,4,,6,,10,,4,4,,13,,3,7,8,4,,7,5,,,,4,3,3,,,3,6,,,696,
1000,W06000008,Ceredigion,,,,,,,,,,,,,,,,,,,,,,,,,4,,,3,,,,,,,,4,,,,,,,,,,,,,,,,,,,,,,,,,,3,3,,,3,,3,,,,,,,,,,,,,,,4,,,,,,,,,,,,,,,,,,277,
1001,W06000009,Pembrokeshire,,4,,,,5,,,,,5,,9,3,,3,,5,,,3,,,,,,3,6,3,5,3,,,,4,,,3,,10,,,,,,4,,,,,,,,3,,5,3,,,3,,6,4,3,,,,,,,,,6,,4,6,4,,,7,,3,8,3,,,5,3,3,,,,,,,,,,,,499,
1002,W06000010,Carmarthenshire,,3,,,,13,,,,,4,3,12,,,5,,8,3,,3,,,,,,,15,4,7,3,13,,6,5,,6,6,,5,,,3,9,3,,,8,4,,4,,,,3,8,4,,,6,4,7,4,,,3,,5,,,5,,4,,11,5,5,,,25,,,6,7,,,3,8,,7,10,4,3,,5,3,,7,,,904,
1003,W06000011,Swansea,,4,,8,,13,,,,,16,3,15,,,7,3,4,,,10,3,,,,5,3,8,,11,5,8,,,6,,8,11,,13,,11,3,8,3,,,10,4,,,5,,5,11,8,8,,4,7,4,11,,4,5,4,,5,,4,,3,5,4,12,7,5,5,,19,,,8,8,,3,14,6,,8,5,4,9,6,,7,,5,5,,1163,
1004,W06000012,Neath Port Talbot,3,,,3,4,5,,,,,3,,11,,,,,7,,,5,,,,,,,7,,5,3,3,,4,3,,6,11,,3,,5,3,7,,5,,5,3,,7,,4,5,,5,3,,3,,,8,3,7,,3,,3,,,,,5,,5,6,,,,14,,,5,,3,4,6,3,,6,3,3,6,,,3,5,7,,,698,
1005,W06000013,Bridgend,3,,,4,,10,,,8,,7,,6,,,,,7,3,,4,,,,,3,,5,,4,3,7,,3,6,,5,9,,4,,9,,5,,7,,6,4,,5,4,,6,5,7,4,3,3,5,,6,4,,5,4,,3,,,4,,,,3,3,5,,,14,,,6,7,,,6,8,,3,8,3,6,4,,,,10,,,721,
1006,W06000014,Vale of Glamorgan,,,,,,9,,,,,3,5,12,,3,4,,6,,,,,,3,,,3,10,4,5,3,6,,,3,,6,4,,5,,,,5,,,,4,5,,,5,,7,8,9,6,,,,,7,,3,,,,3,,,,,5,,4,6,5,,,13,,4,3,9,,,5,4,,,3,3,4,,,,,4,,,634,
1007,W06000015,Cardiff,3,9,5,11,3,20,4,,4,,7,8,10,5,3,6,,5,11,,6,5,,3,3,5,3,19,3,9,8,19,4,8,7,9,4,5,,7,4,8,3,14,5,4,6,7,9,,,7,,4,10,16,16,5,5,6,4,12,6,,5,6,3,7,,3,7,6,7,5,16,11,10,3,,25,,7,11,18,3,4,10,10,5,8,3,13,16,9,4,4,8,6,8,,1969,
1008,W06000016,Rhondda Cynon Taf,,,,6,3,20,,,4,3,13,6,15,3,,7,5,4,3,,8,4,,,,,,11,,9,3,6,,,4,,7,10,5,12,,11,,7,8,7,,13,3,,7,5,,5,7,21,5,,,6,4,12,,5,,7,4,5,,,,,,3,3,9,5,,,23,,6,8,7,3,,12,5,,3,10,3,7,6,,8,6,14,,,1239,
1009,W06000018,Caerphilly,,3,,4,4,17,,,,,7,3,15,3,,4,,8,4,,5,4,,,,3,4,13,4,16,4,10,,4,,5,6,7,,5,,6,,6,,4,3,12,6,,3,5,,8,,10,3,,4,4,3,9,5,6,,,,,,,,,,,4,3,7,4,3,9,,,8,8,3,,10,10,,9,10,,6,5,,4,3,13,,,941,
1010,W06000019,Blaenau Gwent,,,,3,,6,,,,,6,,,,,,3,,,,,4,,,,3,,5,5,8,4,,,3,,,3,4,,,,3,3,,,,,,,,,,,,,4,4,,,3,,,,4,,,,,,,,,,,,,,,3,10,,,,,,,,,,,4,3,4,,,,,,,,349,
1011,W06000020,Torfaen,,,,3,,5,,,,,6,,7,,,,,4,3,,4,4,,,,,3,6,3,,,,,,3,3,10,,,,,10,,3,6,,,3,,,,5,,4,6,6,4,,,,4,4,,,,,,3,,,3,,3,,4,,,,,13,,,7,4,,,3,4,,,3,5,,3,,3,,7,,,492,
1012,W06000021,Monmouthshire,,,,,,6,,,,,,,8,,,,,3,,,,,,,,,,,,5,,,,5,,,4,,,5,,7,,,,,,4,5,,,5,,4,4,,,,,,,,4,,,,3,3,,,,,,,3,,,,,12,,,,3,,,,,,,,,,,,3,,,,,351,
1013,W06000022,Newport,,,4,4,3,6,,,3,,,3,9,3,,,,,,,4,5,3,3,,,3,8,3,,7,6,3,3,6,,3,9,,,,8,,7,4,3,,4,,,,,,6,5,12,3,,4,4,4,8,,,,,3,,,,4,,,4,5,5,3,4,,10,,4,5,,4,,3,5,,4,7,6,7,3,,,,8,,4,913,
1014,W06000023,Powys,,,,,,3,,,,,,,7,,,,4,6,4,,3,,,4,,4,,5,3,7,,5,,6,,,5,3,,4,4,7,4,4,4,,,3,,,,,,,3,7,3,,,,3,7,5,,4,4,,,,,,,,,3,3,3,,,9,,,7,,3,,5,3,,,,,,5,,4,,,,,534,
1015,W06000024,Merthyr Tydfil,,,,,,5,,,,,3,,3,,,,,,,,,,,,,,,8,,,,,,,,,,,,,,,,,,,,,,,,,,3,,4,,,,,,,3,3,,,,,,,,,,,3,,,,,,,,,,,,3,6,,,,,,,,,,5,,,320,
